document_number,title,type,publication_date,abstract,agency_names,agencies_full,html_url,pdf_url,public_inspection_pdf_url,source,text,has_abstract,title_length,abstract_length,agency_count,policy_stage,industry_tags,states,policy_stage_score,industry_score,text_score,geography_score,opportunity_score,congress,origin_chamber,origin_chamber_code,latest_action_date,latest_action_text
2026-06168,In the Matter of Metro Cardiovascular Diagnostics Order Imposing Civil Monetary Penalty,Notice,2026-03-31,"The U.S. Nuclear Regulatory Commission (NRC) issued an Order Imposing Civil Monetary Penalty (Order) to Metro Cardiovascular Diagnostics. This Order was issued because the licensee was previously issued a Notice of Violation and Proposed Imposition of Civil Penalty (Notice) in the amount of $36,000 on July 28, 2025. The licensee failed to respond to the Notice or pay the civil penalty. Despite multiple attempts by the NRC to contact the licensee, no response was received; therefore, the NRC is imposing the civil penalty through this Order. The NRC staff has determined that the violations occurred as described in the Notice and that the $36,000 civil penalty proposed for the violations is appropriate and will be imposed. This Order is effective upon issuance.",Nuclear Regulatory Commission,"[{""raw_name"": ""NUCLEAR REGULATORY COMMISSION"", ""name"": ""Nuclear Regulatory Commission"", ""id"": 383, ""url"": ""https://www.federalregister.gov/agencies/nuclear-regulatory-commission"", ""json_url"": ""https://www.federalregister.gov/api/v1/agencies/383"", ""parent_id"": null, ""slug"": ""nuclear-regulatory-commission""}]",https://www.federalregister.gov/documents/2026/03/31/2026-06168/in-the-matter-of-metro-cardiovascular-diagnostics-order-imposing-civil-monetary-penalty,https://www.govinfo.gov/content/pkg/FR-2026-03-31/pdf/2026-06168.pdf,https://public-inspection.federalregister.gov/2026-06168.pdf?1774874714,federal_register,"In the Matter of Metro Cardiovascular Diagnostics Order Imposing Civil Monetary Penalty The U.S. Nuclear Regulatory Commission (NRC) issued an Order Imposing Civil Monetary Penalty (Order) to Metro Cardiovascular Diagnostics. This Order was issued because the licensee was previously issued a Notice of Violation and Proposed Imposition of Civil Penalty (Notice) in the amount of $36,000 on July 28, 2025. The licensee failed to respond to the Notice or pay the civil penalty. Despite multiple attempts by the NRC to contact the licensee, no response was received; therefore, the NRC is imposing the civil penalty through this Order. The NRC staff has determined that the violations occurred as described in the Notice and that the $36,000 civil penalty proposed for the violations is appropriate and will be imposed. This Order is effective upon issuance.",True,87,768,1,Notice,[],[],1,0,2,0,3,,,,,
2026-06174,"NorthStar Vallecitos, LLC; Vallecitos Nuclear Center; Exemption",Notice,2026-03-31,"The U.S. Nuclear Regulatory Commission (NRC) is issuing an exemption to NorthStar Vallecitos, LLC (NSV), for Vallecitos Nuclear Center (VNC), from the requirement to investigate and report to the NRC when NSV does not receive notification of a receipt of a shipment, or part of a shipment, of low level radioactive waste within 20 days after transfer from the VNC. NSV requested that the time period for it to receive acknowledgement that the shipment has been received by the intended recipient be extended from 20 to 45 days to avoid an excessive administrative burden as operational experience indicates that shipments may take more than 20 days to reach their destination",Nuclear Regulatory Commission,"[{""raw_name"": ""NUCLEAR REGULATORY COMMISSION"", ""name"": ""Nuclear Regulatory Commission"", ""id"": 383, ""url"": ""https://www.federalregister.gov/agencies/nuclear-regulatory-commission"", ""json_url"": ""https://www.federalregister.gov/api/v1/agencies/383"", ""parent_id"": null, ""slug"": ""nuclear-regulatory-commission""}]",https://www.federalregister.gov/documents/2026/03/31/2026-06174/northstar-vallecitos-llc-vallecitos-nuclear-center-exemption,https://www.govinfo.gov/content/pkg/FR-2026-03-31/pdf/2026-06174.pdf,https://public-inspection.federalregister.gov/2026-06174.pdf?1774874714,federal_register,"NorthStar Vallecitos, LLC; Vallecitos Nuclear Center; Exemption The U.S. Nuclear Regulatory Commission (NRC) is issuing an exemption to NorthStar Vallecitos, LLC (NSV), for Vallecitos Nuclear Center (VNC), from the requirement to investigate and report to the NRC when NSV does not receive notification of a receipt of a shipment, or part of a shipment, of low level radioactive waste within 20 days after transfer from the VNC. NSV requested that the time period for it to receive acknowledgement that the shipment has been received by the intended recipient be extended from 20 to 45 days to avoid an excessive administrative burden as operational experience indicates that shipments may take more than 20 days to reach their destination",True,63,675,1,Notice,[],[],1,0,2,0,3,,,,,
2026-06202,Commission Information Collection Activities (FERC-1005); Comment Request; Extension,Notice,2026-03-31,"In compliance with the requirements of the Paperwork Reduction Act of 1995, 44 U.S.C. 3506(c)(2)(A), the Federal Energy Regulatory Commission (Commission or FERC) is soliciting public comment on the currently approved information collection, FERC-1005: Credit Related Information Sharing Between RTOs/ISOs. There are no proposed changes to the information sharing requirement, but the Commission is removing a one-time information collection that has been completed.","Energy Department, Federal Energy Regulatory Commission","[{""raw_name"": ""DEPARTMENT OF ENERGY"", ""name"": ""Energy Department"", ""id"": 136, ""url"": ""https://www.federalregister.gov/agencies/energy-department"", ""json_url"": ""https://www.federalregister.gov/api/v1/agencies/136"", ""parent_id"": null, ""slug"": ""energy-department""}, {""raw_name"": ""Federal Energy Regulatory Commission"", ""name"": ""Federal Energy Regulatory Commission"", ""id"": 167, ""url"": ""https://www.federalregister.gov/agencies/federal-energy-regulatory-commission"", ""json_url"": ""https://www.federalregister.gov/api/v1/agencies/167"", ""parent_id"": 136, ""slug"": ""federal-energy-regulatory-commission""}]",https://www.federalregister.gov/documents/2026/03/31/2026-06202/commission-information-collection-activities-ferc-1005-comment-request-extension,https://www.govinfo.gov/content/pkg/FR-2026-03-31/pdf/2026-06202.pdf,https://public-inspection.federalregister.gov/2026-06202.pdf?1774874717,federal_register,"Commission Information Collection Activities (FERC-1005); Comment Request; Extension In compliance with the requirements of the Paperwork Reduction Act of 1995, 44 U.S.C. 3506(c)(2)(A), the Federal Energy Regulatory Commission (Commission or FERC) is soliciting public comment on the currently approved information collection, FERC-1005: Credit Related Information Sharing Between RTOs/ISOs. There are no proposed changes to the information sharing requirement, but the Commission is removing a one-time information collection that has been completed.",True,84,466,2,Notice,"['energy', 'housing']",[],1,5,1,0,7,,,,,
2026-06224,Information Collection Being Reviewed by the Federal Communications Commission,Notice,2026-03-31,"As part of its continuing effort to reduce paperwork burdens, and as required by the Paperwork Reduction Act (PRA), the Federal Communications Commission (FCC or Commission) invites the general public and other Federal agencies to take this opportunity to comment on the following information collections. Comments are requested concerning: whether the proposed collection of information is necessary for the proper performance of the functions of the Commission, including whether the information shall have practical utility; the accuracy of the Commission's burden estimate; ways to enhance the quality, utility, and clarity of the information collected; ways to minimize the burden of the collection of information on the respondents, including the use of automated collection techniques or other forms of information technology; and ways to further reduce the information collection burden on small business concerns with fewer than 25 employees.",Federal Communications Commission,"[{""raw_name"": ""FEDERAL COMMUNICATIONS COMMISSION"", ""name"": ""Federal Communications Commission"", ""id"": 161, ""url"": ""https://www.federalregister.gov/agencies/federal-communications-commission"", ""json_url"": ""https://www.federalregister.gov/api/v1/agencies/161"", ""parent_id"": null, ""slug"": ""federal-communications-commission""}]",https://www.federalregister.gov/documents/2026/03/31/2026-06224/information-collection-being-reviewed-by-the-federal-communications-commission,https://www.govinfo.gov/content/pkg/FR-2026-03-31/pdf/2026-06224.pdf,https://public-inspection.federalregister.gov/2026-06224.pdf?1774874719,federal_register,"Information Collection Being Reviewed by the Federal Communications Commission As part of its continuing effort to reduce paperwork burdens, and as required by the Paperwork Reduction Act (PRA), the Federal Communications Commission (FCC or Commission) invites the general public and other Federal agencies to take this opportunity to comment on the following information collections. Comments are requested concerning: whether the proposed collection of information is necessary for the proper performance of the functions of the Commission, including whether the information shall have practical utility; the accuracy of the Commission's burden estimate; ways to enhance the quality, utility, and clarity of the information collected; ways to minimize the burden of the collection of information on the respondents, including the use of automated collection techniques or other forms of information technology; and ways to further reduce the information collection burden on small business concerns with fewer than 25 employees.",True,78,951,1,Notice,[],[],1,0,2,0,3,,,,,
2026-06138,"International Isotopes, Inc.; Green Salt Products, LLC; Direct License Transfer Application",Notice,2026-03-31,"The U.S. Nuclear Regulatory Commission (NRC) has granted a request by International Isotopes Inc., on behalf of International Isotopes Fluorine Products and Green Salt Products, LLC, to withdraw its request for NRC consent to the direct transfer of control of source material license number 1011 (SUB-1011). The application concerned a proposed depleted uranium deconversion and fluorine processing venture for a site near Hobbs/Lea County, New Mexico.",Nuclear Regulatory Commission,"[{""raw_name"": ""NUCLEAR REGULATORY COMMISSION"", ""name"": ""Nuclear Regulatory Commission"", ""id"": 383, ""url"": ""https://www.federalregister.gov/agencies/nuclear-regulatory-commission"", ""json_url"": ""https://www.federalregister.gov/api/v1/agencies/383"", ""parent_id"": null, ""slug"": ""nuclear-regulatory-commission""}]",https://www.federalregister.gov/documents/2026/03/31/2026-06138/international-isotopes-inc-green-salt-products-llc-direct-license-transfer-application,https://www.govinfo.gov/content/pkg/FR-2026-03-31/pdf/2026-06138.pdf,https://public-inspection.federalregister.gov/2026-06138.pdf?1774874709,federal_register,"International Isotopes, Inc.; Green Salt Products, LLC; Direct License Transfer Application The U.S. Nuclear Regulatory Commission (NRC) has granted a request by International Isotopes Inc., on behalf of International Isotopes Fluorine Products and Green Salt Products, LLC, to withdraw its request for NRC consent to the direct transfer of control of source material license number 1011 (SUB-1011). The application concerned a proposed depleted uranium deconversion and fluorine processing venture for a site near Hobbs/Lea County, New Mexico.",True,91,452,1,Notice,[],['NM'],1,0,1,1,3,,,,,
2026-06135,Agency Information Collection Activities; Submission to the Office of Management and Budget for Review and Approval; Comment Request; Disability Accommodations Reimbursement Request Form,Notice,2026-03-31,"The Corporation for National and Community Service, operating as AmeriCorps, has submitted a public information collection request (ICR) entitled Disability Accommodations Reimbursement Request Form for review and approval in accordance with the Paperwork Reduction Act.",Corporation for National and Community Service,"[{""raw_name"": ""CORPORATION FOR NATIONAL AND COMMUNITY SERVICE"", ""name"": ""Corporation for National and Community Service"", ""id"": 91, ""url"": ""https://www.federalregister.gov/agencies/corporation-for-national-and-community-service"", ""json_url"": ""https://www.federalregister.gov/api/v1/agencies/91"", ""parent_id"": null, ""slug"": ""corporation-for-national-and-community-service""}]",https://www.federalregister.gov/documents/2026/03/31/2026-06135/agency-information-collection-activities-submission-to-the-office-of-management-and-budget-for,https://www.govinfo.gov/content/pkg/FR-2026-03-31/pdf/2026-06135.pdf,https://public-inspection.federalregister.gov/2026-06135.pdf?1774874708,federal_register,"Agency Information Collection Activities; Submission to the Office of Management and Budget for Review and Approval; Comment Request; Disability Accommodations Reimbursement Request Form The Corporation for National and Community Service, operating as AmeriCorps, has submitted a public information collection request (ICR) entitled Disability Accommodations Reimbursement Request Form for review and approval in accordance with the Paperwork Reduction Act.",True,186,270,1,Notice,[],[],1,0,1,0,2,,,,,
2026-06144,Submission for OMB Review; Comment Request,Notice,2026-03-31,,Agriculture Department,"[{""raw_name"": ""DEPARTMENT OF AGRICULTURE"", ""name"": ""Agriculture Department"", ""id"": 12, ""url"": ""https://www.federalregister.gov/agencies/agriculture-department"", ""json_url"": ""https://www.federalregister.gov/api/v1/agencies/12"", ""parent_id"": null, ""slug"": ""agriculture-department""}]",https://www.federalregister.gov/documents/2026/03/31/2026-06144/submission-for-omb-review-comment-request,https://www.govinfo.gov/content/pkg/FR-2026-03-31/pdf/2026-06144.pdf,https://public-inspection.federalregister.gov/2026-06144.pdf?1774874710,federal_register,Submission for OMB Review; Comment Request ,False,42,0,1,Notice,[],[],1,0,0,0,1,,,,,
2026-06213,Submission for OMB Review; Comment Request,Notice,2026-03-31,The DoD has submitted to OMB for clearance the following proposal for collection of information under the provisions of the Paperwork Reduction Act.,"Defense Department, ","[{""raw_name"": ""DEPARTMENT OF DEFENSE"", ""name"": ""Defense Department"", ""id"": 103, ""url"": ""https://www.federalregister.gov/agencies/defense-department"", ""json_url"": ""https://www.federalregister.gov/api/v1/agencies/103"", ""parent_id"": null, ""slug"": ""defense-department""}, {""raw_name"": ""Office of the Secretary""}]",https://www.federalregister.gov/documents/2026/03/31/2026-06213/submission-for-omb-review-comment-request,https://www.govinfo.gov/content/pkg/FR-2026-03-31/pdf/2026-06213.pdf,https://public-inspection.federalregister.gov/2026-06213.pdf?1774874718,federal_register,Submission for OMB Review; Comment Request The DoD has submitted to OMB for clearance the following proposal for collection of information under the provisions of the Paperwork Reduction Act.,True,42,148,1,Notice,[],[],1,0,0,0,1,,,,,
2026-06171,Sunshine Act Meetings,Notice,2026-03-31,,National Science Foundation,"[{""raw_name"": ""NATIONAL SCIENCE FOUNDATION"", ""name"": ""National Science Foundation"", ""id"": 366, ""url"": ""https://www.federalregister.gov/agencies/national-science-foundation"", ""json_url"": ""https://www.federalregister.gov/api/v1/agencies/366"", ""parent_id"": null, ""slug"": ""national-science-foundation""}]",https://www.federalregister.gov/documents/2026/03/31/2026-06171/sunshine-act-meetings,https://www.govinfo.gov/content/pkg/FR-2026-03-31/pdf/2026-06171.pdf,https://public-inspection.federalregister.gov/2026-06171.pdf?1774624515,federal_register,Sunshine Act Meetings ,False,21,0,1,Notice,[],[],1,0,0,0,1,,,,,
2026-06195,Implementing the Freedom of Information Act and Privacy Act,Proposed Rule,2026-03-31,The Office of the National Cyber Director (ONCD) is issuing its first Freedom of Information Act (FOIA) and Privacy Act regulations. These regulations reflect ONCD's process for responding to requests for information and affirm its commitment to provide the fullest possible disclosure of records to the public.,Office of the National Cyber Director,"[{""raw_name"": ""Office of the National Cyber Director"", ""name"": ""Office of the National Cyber Director"", ""id"": 613, ""url"": ""https://www.federalregister.gov/agencies/office-of-the-national-cyber-director"", ""json_url"": ""https://www.federalregister.gov/api/v1/agencies/613"", ""parent_id"": 538, ""slug"": ""office-of-the-national-cyber-director""}]",https://www.federalregister.gov/documents/2026/03/31/2026-06195/implementing-the-freedom-of-information-act-and-privacy-act,https://www.govinfo.gov/content/pkg/FR-2026-03-31/pdf/2026-06195.pdf,https://public-inspection.federalregister.gov/2026-06195.pdf?1774874716,federal_register,Implementing the Freedom of Information Act and Privacy Act The Office of the National Cyber Director (ONCD) is issuing its first Freedom of Information Act (FOIA) and Privacy Act regulations. These regulations reflect ONCD's process for responding to requests for information and affirm its commitment to provide the fullest possible disclosure of records to the public.,True,59,311,1,Proposed Rule,[],[],2,0,1,0,3,,,,,
2026-06156,Self-Regulatory Organizations; NYSE American LLC; Notice of Filing and Immediate Effectiveness of a Proposed Rule Change To Modify the NYSE American Options Fee Schedule Regarding Certain Fees and Rebates Applicable to Non-Customers and Floor Brokers,Notice,2026-03-31,,Securities and Exchange Commission,"[{""raw_name"": ""SECURITIES AND EXCHANGE COMMISSION"", ""name"": ""Securities and Exchange Commission"", ""id"": 466, ""url"": ""https://www.federalregister.gov/agencies/securities-and-exchange-commission"", ""json_url"": ""https://www.federalregister.gov/api/v1/agencies/466"", ""parent_id"": null, ""slug"": ""securities-and-exchange-commission""}]",https://www.federalregister.gov/documents/2026/03/31/2026-06156/self-regulatory-organizations-nyse-american-llc-notice-of-filing-and-immediate-effectiveness-of-a,https://www.govinfo.gov/content/pkg/FR-2026-03-31/pdf/2026-06156.pdf,https://public-inspection.federalregister.gov/2026-06156.pdf?1774874712,federal_register,Self-Regulatory Organizations; NYSE American LLC; Notice of Filing and Immediate Effectiveness of a Proposed Rule Change To Modify the NYSE American Options Fee Schedule Regarding Certain Fees and Rebates Applicable to Non-Customers and Floor Brokers ,False,250,0,1,Notice,[],[],1,0,0,0,1,,,,,
2026-06182,Agency Information Collection Activities: Comment Request,Notice,2026-03-31,,Social Security Administration,"[{""raw_name"": ""Social Security Administration"", ""name"": ""Social Security Administration"", ""id"": 470, ""url"": ""https://www.federalregister.gov/agencies/social-security-administration"", ""json_url"": ""https://www.federalregister.gov/api/v1/agencies/470"", ""parent_id"": null, ""slug"": ""social-security-administration""}]",https://www.federalregister.gov/documents/2026/03/31/2026-06182/agency-information-collection-activities-comment-request,https://www.govinfo.gov/content/pkg/FR-2026-03-31/pdf/2026-06182.pdf,https://public-inspection.federalregister.gov/2026-06182.pdf?1774874715,federal_register,Agency Information Collection Activities: Comment Request ,False,57,0,1,Notice,[],[],1,0,0,0,1,,,,,
2026-06154,"Self-Regulatory Organizations; Cboe Exchange, Inc.; Notice of Filing and Immediate Effectiveness of a Proposed Rule Change To Apply Its Wide Market Protection Mechanism on a Trading Session-By-Trading Session Basis",Notice,2026-03-31,,Securities and Exchange Commission,"[{""raw_name"": ""SECURITIES AND EXCHANGE COMMISSION"", ""name"": ""Securities and Exchange Commission"", ""id"": 466, ""url"": ""https://www.federalregister.gov/agencies/securities-and-exchange-commission"", ""json_url"": ""https://www.federalregister.gov/api/v1/agencies/466"", ""parent_id"": null, ""slug"": ""securities-and-exchange-commission""}]",https://www.federalregister.gov/documents/2026/03/31/2026-06154/self-regulatory-organizations-cboe-exchange-inc-notice-of-filing-and-immediate-effectiveness-of-a,https://www.govinfo.gov/content/pkg/FR-2026-03-31/pdf/2026-06154.pdf,https://public-inspection.federalregister.gov/2026-06154.pdf?1774874712,federal_register,"Self-Regulatory Organizations; Cboe Exchange, Inc.; Notice of Filing and Immediate Effectiveness of a Proposed Rule Change To Apply Its Wide Market Protection Mechanism on a Trading Session-By-Trading Session Basis ",False,214,0,1,Notice,[],[],1,0,0,0,1,,,,,
2026-06184,Advancing the Use of Digital Health Technologies in Clinical Investigations for Drugs and Biological Products; Request for Information and Comments,Notice,2026-03-31,"Digital health technologies (DHTs) used for remote data acquisition are playing a growing role in health care and offer important opportunities in clinical research. As outlined in the sixth reauthorization of the Prescription Drug User Fee Act (PDUFA VII) included as part of the FDA User Fee Reauthorization Act of 2022, the Center for Drug Evaluation and Research (CDER) and the Center for Biologics Evaluation and Research (CBER) have committed to supporting the use of DHTs in drug and biological product development. To inform potential FDA activities in this area, CDER and CBER are requesting information to better understand the opportunities and challenges sponsors and other interested parties face in making innovative use of DHTs in clinical investigations of drugs and biological products.","Health and Human Services Department, Food and Drug Administration","[{""raw_name"": ""DEPARTMENT OF HEALTH AND HUMAN SERVICES"", ""name"": ""Health and Human Services Department"", ""id"": 221, ""url"": ""https://www.federalregister.gov/agencies/health-and-human-services-department"", ""json_url"": ""https://www.federalregister.gov/api/v1/agencies/221"", ""parent_id"": null, ""slug"": ""health-and-human-services-department""}, {""raw_name"": ""Food and Drug Administration"", ""name"": ""Food and Drug Administration"", ""id"": 199, ""url"": ""https://www.federalregister.gov/agencies/food-and-drug-administration"", ""json_url"": ""https://www.federalregister.gov/api/v1/agencies/199"", ""parent_id"": 221, ""slug"": ""food-and-drug-administration""}]",https://www.federalregister.gov/documents/2026/03/31/2026-06184/advancing-the-use-of-digital-health-technologies-in-clinical-investigations-for-drugs-and-biological,https://www.govinfo.gov/content/pkg/FR-2026-03-31/pdf/2026-06184.pdf,https://public-inspection.federalregister.gov/2026-06184.pdf?1774874715,federal_register,"Advancing the Use of Digital Health Technologies in Clinical Investigations for Drugs and Biological Products; Request for Information and Comments Digital health technologies (DHTs) used for remote data acquisition are playing a growing role in health care and offer important opportunities in clinical research. As outlined in the sixth reauthorization of the Prescription Drug User Fee Act (PDUFA VII) included as part of the FDA User Fee Reauthorization Act of 2022, the Center for Drug Evaluation and Research (CDER) and the Center for Biologics Evaluation and Research (CBER) have committed to supporting the use of DHTs in drug and biological product development. To inform potential FDA activities in this area, CDER and CBER are requesting information to better understand the opportunities and challenges sponsors and other interested parties face in making innovative use of DHTs in clinical investigations of drugs and biological products.",True,147,803,2,Notice,['healthcare'],[],1,1,2,0,4,,,,,
2026-06169,"Information Collection: Scheduling Information for the Licensing of Accident Tolerant, Higher Burnup, and Increased Enrichment Fuels",Notice,2026-03-31,"The U.S. Nuclear Regulatory Commission (NRC) has recently submitted a request for renewal of an existing collection of information to the Office of Management and Budget (OMB) for review. The information collection is entitled, ""Scheduling Information for the Licensing of Accident Tolerant, Higher Burnup, and Increased Enrichment Fuels.""",Nuclear Regulatory Commission,"[{""raw_name"": ""NUCLEAR REGULATORY COMMISSION"", ""name"": ""Nuclear Regulatory Commission"", ""id"": 383, ""url"": ""https://www.federalregister.gov/agencies/nuclear-regulatory-commission"", ""json_url"": ""https://www.federalregister.gov/api/v1/agencies/383"", ""parent_id"": null, ""slug"": ""nuclear-regulatory-commission""}]",https://www.federalregister.gov/documents/2026/03/31/2026-06169/information-collection-scheduling-information-for-the-licensing-of-accident-tolerant-higher-burnup,https://www.govinfo.gov/content/pkg/FR-2026-03-31/pdf/2026-06169.pdf,https://public-inspection.federalregister.gov/2026-06169.pdf?1774874714,federal_register,"Information Collection: Scheduling Information for the Licensing of Accident Tolerant, Higher Burnup, and Increased Enrichment Fuels The U.S. Nuclear Regulatory Commission (NRC) has recently submitted a request for renewal of an existing collection of information to the Office of Management and Budget (OMB) for review. The information collection is entitled, ""Scheduling Information for the Licensing of Accident Tolerant, Higher Burnup, and Increased Enrichment Fuels.""",True,132,339,1,Notice,[],[],1,0,1,0,2,,,,,
2026-06219,Proposed Collection; Comment Request,Notice,2026-03-31,"In compliance with the Paperwork Reduction Act of 1995, the Naval Sea Systems Command announces a proposed public information collection and seeks public comment on the provisions thereof. Comments are invited on: whether the proposed collection of information is necessary for the proper performance of the functions of the agency, including whether the information shall have practical utility; the accuracy of the agency's estimate of the burden of the proposed information collection; ways to enhance the quality, utility, and clarity of the information to be collected; and ways to minimize the burden of the information collection on respondents, including through the use of automated collection techniques or other forms of information technology.","Defense Department, Navy Department","[{""raw_name"": ""DEPARTMENT OF DEFENSE"", ""name"": ""Defense Department"", ""id"": 103, ""url"": ""https://www.federalregister.gov/agencies/defense-department"", ""json_url"": ""https://www.federalregister.gov/api/v1/agencies/103"", ""parent_id"": null, ""slug"": ""defense-department""}, {""raw_name"": ""Department of the Navy"", ""name"": ""Navy Department"", ""id"": 378, ""url"": ""https://www.federalregister.gov/agencies/navy-department"", ""json_url"": ""https://www.federalregister.gov/api/v1/agencies/378"", ""parent_id"": 103, ""slug"": ""navy-department""}]",https://www.federalregister.gov/documents/2026/03/31/2026-06219/proposed-collection-comment-request,https://www.govinfo.gov/content/pkg/FR-2026-03-31/pdf/2026-06219.pdf,https://public-inspection.federalregister.gov/2026-06219.pdf?1774874719,federal_register,"Proposed Collection; Comment Request In compliance with the Paperwork Reduction Act of 1995, the Naval Sea Systems Command announces a proposed public information collection and seeks public comment on the provisions thereof. Comments are invited on: whether the proposed collection of information is necessary for the proper performance of the functions of the agency, including whether the information shall have practical utility; the accuracy of the agency's estimate of the burden of the proposed information collection; ways to enhance the quality, utility, and clarity of the information to be collected; and ways to minimize the burden of the information collection on respondents, including through the use of automated collection techniques or other forms of information technology.",True,36,755,2,Notice,[],[],1,0,2,0,3,,,,,
2026-06200,City of Aspen; Notice of Availability of Environmental Assessment,Notice,2026-03-31,,"Energy Department, Federal Energy Regulatory Commission","[{""raw_name"": ""DEPARTMENT OF ENERGY"", ""name"": ""Energy Department"", ""id"": 136, ""url"": ""https://www.federalregister.gov/agencies/energy-department"", ""json_url"": ""https://www.federalregister.gov/api/v1/agencies/136"", ""parent_id"": null, ""slug"": ""energy-department""}, {""raw_name"": ""Federal Energy Regulatory Commission"", ""name"": ""Federal Energy Regulatory Commission"", ""id"": 167, ""url"": ""https://www.federalregister.gov/agencies/federal-energy-regulatory-commission"", ""json_url"": ""https://www.federalregister.gov/api/v1/agencies/167"", ""parent_id"": 136, ""slug"": ""federal-energy-regulatory-commission""}]",https://www.federalregister.gov/documents/2026/03/31/2026-06200/city-of-aspen-notice-of-availability-of-environmental-assessment,https://www.govinfo.gov/content/pkg/FR-2026-03-31/pdf/2026-06200.pdf,https://public-inspection.federalregister.gov/2026-06200.pdf?1774874717,federal_register,City of Aspen; Notice of Availability of Environmental Assessment ,False,65,0,2,Notice,['environment'],[],1,2,0,0,3,,,,,
2026-06159,Sunshine Act Meetings,Notice,2026-03-31,,Securities and Exchange Commission,"[{""raw_name"": ""SECURITIES AND EXCHANGE COMMISSION"", ""name"": ""Securities and Exchange Commission"", ""id"": 466, ""url"": ""https://www.federalregister.gov/agencies/securities-and-exchange-commission"", ""json_url"": ""https://www.federalregister.gov/api/v1/agencies/466"", ""parent_id"": null, ""slug"": ""securities-and-exchange-commission""}]",https://www.federalregister.gov/documents/2026/03/31/2026-06159/sunshine-act-meetings,https://www.govinfo.gov/content/pkg/FR-2026-03-31/pdf/2026-06159.pdf,https://public-inspection.federalregister.gov/2026-06159.pdf?1774624514,federal_register,Sunshine Act Meetings ,False,21,0,1,Notice,[],[],1,0,0,0,1,,,,,
2026-06239,Review of the Commission's Rules Governing the 896-901/935-940 MHz Band,Rule,2026-03-31,"In this document, the Federal Communications Commission (Commission or FCC) continues its efforts to expand broadband access in the 896-901/935-940 MHz band. This Report and Order now makes broadband available across all ten megahertz of this band. This Report and Order creates three options for 900 MHz licenses: a narrowband license; paired three-megahertz channels, called 3/3 broadband licenses: and paired five-megahertz channels, called 5/5 licenses.",Federal Communications Commission,"[{""raw_name"": ""FEDERAL COMMUNICATIONS COMMISSION"", ""name"": ""Federal Communications Commission"", ""id"": 161, ""url"": ""https://www.federalregister.gov/agencies/federal-communications-commission"", ""json_url"": ""https://www.federalregister.gov/api/v1/agencies/161"", ""parent_id"": null, ""slug"": ""federal-communications-commission""}]",https://www.federalregister.gov/documents/2026/03/31/2026-06239/review-of-the-commissions-rules-governing-the-896-901935-940-mhz-band,https://www.govinfo.gov/content/pkg/FR-2026-03-31/pdf/2026-06239.pdf,https://public-inspection.federalregister.gov/2026-06239.pdf?1774874720,federal_register,"Review of the Commission's Rules Governing the 896-901/935-940 MHz Band In this document, the Federal Communications Commission (Commission or FCC) continues its efforts to expand broadband access in the 896-901/935-940 MHz band. This Report and Order now makes broadband available across all ten megahertz of this band. This Report and Order creates three options for 900 MHz licenses: a narrowband license; paired three-megahertz channels, called 3/3 broadband licenses: and paired five-megahertz channels, called 5/5 licenses.",True,71,457,1,Rule,[],[],3,0,1,0,4,,,,,
2026-06218,Submission for OMB Review; Comment Request,Notice,2026-03-31,The DoD has submitted to OMB for clearance the following proposal for collection of information under the provisions of the Paperwork Reduction Act.,"Defense Department, ","[{""raw_name"": ""DEPARTMENT OF DEFENSE"", ""name"": ""Defense Department"", ""id"": 103, ""url"": ""https://www.federalregister.gov/agencies/defense-department"", ""json_url"": ""https://www.federalregister.gov/api/v1/agencies/103"", ""parent_id"": null, ""slug"": ""defense-department""}, {""raw_name"": ""Office of the Secretary""}]",https://www.federalregister.gov/documents/2026/03/31/2026-06218/submission-for-omb-review-comment-request,https://www.govinfo.gov/content/pkg/FR-2026-03-31/pdf/2026-06218.pdf,https://public-inspection.federalregister.gov/2026-06218.pdf?1774874719,federal_register,Submission for OMB Review; Comment Request The DoD has submitted to OMB for clearance the following proposal for collection of information under the provisions of the Paperwork Reduction Act.,True,42,148,1,Notice,[],[],1,0,0,0,1,,,,,
2026-06161,"Aviastar-TU, 5 b. 7 Leningradsky prospect g. Moskva, 125040, Moscow, Russia; Order Renewing Temporary Denial of Export Privileges",Notice,2026-03-31,,"Commerce Department, Industry and Security Bureau","[{""raw_name"": ""DEPARTMENT OF COMMERCE"", ""name"": ""Commerce Department"", ""id"": 54, ""url"": ""https://www.federalregister.gov/agencies/commerce-department"", ""json_url"": ""https://www.federalregister.gov/api/v1/agencies/54"", ""parent_id"": null, ""slug"": ""commerce-department""}, {""raw_name"": ""Bureau of Industry and Security"", ""name"": ""Industry and Security Bureau"", ""id"": 241, ""url"": ""https://www.federalregister.gov/agencies/industry-and-security-bureau"", ""json_url"": ""https://www.federalregister.gov/api/v1/agencies/241"", ""parent_id"": 54, ""slug"": ""industry-and-security-bureau""}]",https://www.federalregister.gov/documents/2026/03/31/2026-06161/aviastar-tu-5-b-7-leningradsky-prospect-g-moskva-125040-moscow-russia-order-renewing-temporary,https://www.govinfo.gov/content/pkg/FR-2026-03-31/pdf/2026-06161.pdf,https://public-inspection.federalregister.gov/2026-06161.pdf?1774874713,federal_register,"Aviastar-TU, 5 b. 7 Leningradsky prospect g. Moskva, 125040, Moscow, Russia; Order Renewing Temporary Denial of Export Privileges ",False,129,0,2,Notice,[],[],1,0,0,0,1,,,,,
2026-06175,Agency Information Collection Activities; Comment Request; FY 2026 Child Care Access Means Parents in School Annual Performance Report Package 84.335A,Notice,2026-03-31,"In accordance with the Paperwork Reduction Act (PRA) of 1995, the Department is proposing a reinstatement without change of a previously approved information collection request (ICR).",Education Department,"[{""raw_name"": ""DEPARTMENT OF EDUCATION"", ""name"": ""Education Department"", ""id"": 126, ""url"": ""https://www.federalregister.gov/agencies/education-department"", ""json_url"": ""https://www.federalregister.gov/api/v1/agencies/126"", ""parent_id"": null, ""slug"": ""education-department""}]",https://www.federalregister.gov/documents/2026/03/31/2026-06175/agency-information-collection-activities-comment-request-fy-2026-child-care-access-means-parents-in,https://www.govinfo.gov/content/pkg/FR-2026-03-31/pdf/2026-06175.pdf,https://public-inspection.federalregister.gov/2026-06175.pdf?1774874714,federal_register,"Agency Information Collection Activities; Comment Request; FY 2026 Child Care Access Means Parents in School Annual Performance Report Package 84.335A In accordance with the Paperwork Reduction Act (PRA) of 1995, the Department is proposing a reinstatement without change of a previously approved information collection request (ICR).",True,150,183,1,Notice,"['housing', 'environment']",[],1,5,1,0,7,,,,,
2026-06130,Proposed Reallotment of Fiscal Year 2025 Funds for the Low Income Home Energy Assistance Program,Notice,2026-03-31,"The ACF OCS announces a preliminary determination that funds from the federal fiscal year 2025 (FY25) Low Income Home Energy Assistance Program (LIHEAP) are available for reallocation to states, territories, tribes, and tribal organizations that received FY26 direct LIHEAP awards. The purpose of this proposed action is to redistribute FY25 annual LIHEAP funds and FY24 and FY25 Infrastructure Investment and Jobs Act (IIJA) funds that recipients were unable to obligate or carry over to FY26. No subrecipients of these recipients or other entities may apply for these funds.","Health and Human Services Department, Children and Families Administration","[{""raw_name"": ""DEPARTMENT OF HEALTH AND HUMAN SERVICES"", ""name"": ""Health and Human Services Department"", ""id"": 221, ""url"": ""https://www.federalregister.gov/agencies/health-and-human-services-department"", ""json_url"": ""https://www.federalregister.gov/api/v1/agencies/221"", ""parent_id"": null, ""slug"": ""health-and-human-services-department""}, {""raw_name"": ""Administration for Children and Families"", ""name"": ""Children and Families Administration"", ""id"": 49, ""url"": ""https://www.federalregister.gov/agencies/children-and-families-administration"", ""json_url"": ""https://www.federalregister.gov/api/v1/agencies/49"", ""parent_id"": 221, ""slug"": ""children-and-families-administration""}]",https://www.federalregister.gov/documents/2026/03/31/2026-06130/proposed-reallotment-of-fiscal-year-2025-funds-for-the-low-income-home-energy-assistance-program,https://www.govinfo.gov/content/pkg/FR-2026-03-31/pdf/2026-06130.pdf,https://public-inspection.federalregister.gov/2026-06130.pdf?1774874708,federal_register,"Proposed Reallotment of Fiscal Year 2025 Funds for the Low Income Home Energy Assistance Program The ACF OCS announces a preliminary determination that funds from the federal fiscal year 2025 (FY25) Low Income Home Energy Assistance Program (LIHEAP) are available for reallocation to states, territories, tribes, and tribal organizations that received FY26 direct LIHEAP awards. The purpose of this proposed action is to redistribute FY25 annual LIHEAP funds and FY24 and FY25 Infrastructure Investment and Jobs Act (IIJA) funds that recipients were unable to obligate or carry over to FY26. No subrecipients of these recipients or other entities may apply for these funds.",True,96,576,2,Notice,"['energy', 'finance']",[],1,4,2,0,7,,,,,
2026-06226,Center for Scientific Review; Notice of Closed Meetings,Notice,2026-03-31,,"Health and Human Services Department, National Institutes of Health","[{""raw_name"": ""DEPARTMENT OF HEALTH AND HUMAN SERVICES"", ""name"": ""Health and Human Services Department"", ""id"": 221, ""url"": ""https://www.federalregister.gov/agencies/health-and-human-services-department"", ""json_url"": ""https://www.federalregister.gov/api/v1/agencies/221"", ""parent_id"": null, ""slug"": ""health-and-human-services-department""}, {""raw_name"": ""National Institutes of Health"", ""name"": ""National Institutes of Health"", ""id"": 353, ""url"": ""https://www.federalregister.gov/agencies/national-institutes-of-health"", ""json_url"": ""https://www.federalregister.gov/api/v1/agencies/353"", ""parent_id"": 221, ""slug"": ""national-institutes-of-health""}]",https://www.federalregister.gov/documents/2026/03/31/2026-06226/center-for-scientific-review-notice-of-closed-meetings,https://www.govinfo.gov/content/pkg/FR-2026-03-31/pdf/2026-06226.pdf,https://public-inspection.federalregister.gov/2026-06226.pdf?1774874720,federal_register,Center for Scientific Review; Notice of Closed Meetings ,False,55,0,2,Notice,[],[],1,0,0,0,1,,,,,
2026-06225,"Notice of Realty Action: Direct Sale of Public Lands in La Paz County, AZ",Notice,2026-03-31,"The Bureau of Land Management (BLM) proposes a non-competitive (direct) sale of a parcel of BLM-managed public lands in Arizona to permanently resolve management challenges of an isolated tract without public access, to resolve its split-estate status, and to facilitate orderly economic development in a way that would benefit local communities. The parcel, located in La Paz County, contains 640 acres and, if approved, would be sold to 174 Power Global, LLC. The sale would be subject to the applicable provisions of the Federal Land Policy and Management Act of 1976, as amended (FLPMA), and the BLM land sale regulations.","Interior Department, Land Management Bureau","[{""raw_name"": ""DEPARTMENT OF THE INTERIOR"", ""name"": ""Interior Department"", ""id"": 253, ""url"": ""https://www.federalregister.gov/agencies/interior-department"", ""json_url"": ""https://www.federalregister.gov/api/v1/agencies/253"", ""parent_id"": null, ""slug"": ""interior-department""}, {""raw_name"": ""Bureau of Land Management"", ""name"": ""Land Management Bureau"", ""id"": 275, ""url"": ""https://www.federalregister.gov/agencies/land-management-bureau"", ""json_url"": ""https://www.federalregister.gov/api/v1/agencies/275"", ""parent_id"": 253, ""slug"": ""land-management-bureau""}]",https://www.federalregister.gov/documents/2026/03/31/2026-06225/notice-of-realty-action-direct-sale-of-public-lands-in-la-paz-county-az,https://www.govinfo.gov/content/pkg/FR-2026-03-31/pdf/2026-06225.pdf,https://public-inspection.federalregister.gov/2026-06225.pdf?1774874720,federal_register,"Notice of Realty Action: Direct Sale of Public Lands in La Paz County, AZ The Bureau of Land Management (BLM) proposes a non-competitive (direct) sale of a parcel of BLM-managed public lands in Arizona to permanently resolve management challenges of an isolated tract without public access, to resolve its split-estate status, and to facilitate orderly economic development in a way that would benefit local communities. The parcel, located in La Paz County, contains 640 acres and, if approved, would be sold to 174 Power Global, LLC. The sale would be subject to the applicable provisions of the Federal Land Policy and Management Act of 1976, as amended (FLPMA), and the BLM land sale regulations.",True,73,626,2,Notice,['energy'],['AZ'],1,2,2,1,6,,,,,
2026-06208,Meeting of the Religious Liberty Commission,Notice,2026-03-31,The DOJ is publishing this notice to announce the seventh Federal advisory committee meeting of the Religious Liberty Commission (Commission).,Justice Department,"[{""raw_name"": ""DEPARTMENT OF JUSTICE"", ""name"": ""Justice Department"", ""id"": 268, ""url"": ""https://www.federalregister.gov/agencies/justice-department"", ""json_url"": ""https://www.federalregister.gov/api/v1/agencies/268"", ""parent_id"": null, ""slug"": ""justice-department""}]",https://www.federalregister.gov/documents/2026/03/31/2026-06208/meeting-of-the-religious-liberty-commission,https://www.govinfo.gov/content/pkg/FR-2026-03-31/pdf/2026-06208.pdf,https://public-inspection.federalregister.gov/2026-06208.pdf?1774642512,federal_register,Meeting of the Religious Liberty Commission The DOJ is publishing this notice to announce the seventh Federal advisory committee meeting of the Religious Liberty Commission (Commission).,True,43,142,1,Notice,[],[],1,0,0,0,1,,,,,
2026-06191,Agency Information Collection Activities; Submission for OMB Review; Comment Request; Multiple Departmental Offices Information Collection Requests,Notice,2026-03-31,"The Department of the Treasury will submit the following information collection requests to the Office of Management and Budget (OMB) for review and clearance in accordance with the Paperwork Reduction Act of 1995, on or after the date of publication of this notice. The public is invited to submit comments on these requests.",Treasury Department,"[{""raw_name"": ""DEPARTMENT OF THE TREASURY"", ""name"": ""Treasury Department"", ""id"": 497, ""url"": ""https://www.federalregister.gov/agencies/treasury-department"", ""json_url"": ""https://www.federalregister.gov/api/v1/agencies/497"", ""parent_id"": null, ""slug"": ""treasury-department""}]",https://www.federalregister.gov/documents/2026/03/31/2026-06191/agency-information-collection-activities-submission-for-omb-review-comment-request-multiple,https://www.govinfo.gov/content/pkg/FR-2026-03-31/pdf/2026-06191.pdf,https://public-inspection.federalregister.gov/2026-06191.pdf?1774874716,federal_register,"Agency Information Collection Activities; Submission for OMB Review; Comment Request; Multiple Departmental Offices Information Collection Requests The Department of the Treasury will submit the following information collection requests to the Office of Management and Budget (OMB) for review and clearance in accordance with the Paperwork Reduction Act of 1995, on or after the date of publication of this notice. The public is invited to submit comments on these requests.",True,147,326,1,Notice,['environment'],[],1,2,1,0,4,,,,,
2026-06192,Agency Information Collection Activities; Submission for OMB Review; Comment Request; Information Collection Requirements in Connection With the Imposition of Special Measures,Notice,2026-03-31,"The Department of the Treasury will submit the following information collection requests to the Office of Management and Budget (OMB) for review and clearance in accordance with the Paperwork Reduction Act of 1995, on or after the date of publication of this notice. The public is invited to submit comments on these requests.",Treasury Department,"[{""raw_name"": ""DEPARTMENT OF THE TREASURY"", ""name"": ""Treasury Department"", ""id"": 497, ""url"": ""https://www.federalregister.gov/agencies/treasury-department"", ""json_url"": ""https://www.federalregister.gov/api/v1/agencies/497"", ""parent_id"": null, ""slug"": ""treasury-department""}]",https://www.federalregister.gov/documents/2026/03/31/2026-06192/agency-information-collection-activities-submission-for-omb-review-comment-request-information,https://www.govinfo.gov/content/pkg/FR-2026-03-31/pdf/2026-06192.pdf,https://public-inspection.federalregister.gov/2026-06192.pdf?1774874716,federal_register,"Agency Information Collection Activities; Submission for OMB Review; Comment Request; Information Collection Requirements in Connection With the Imposition of Special Measures The Department of the Treasury will submit the following information collection requests to the Office of Management and Budget (OMB) for review and clearance in accordance with the Paperwork Reduction Act of 1995, on or after the date of publication of this notice. The public is invited to submit comments on these requests.",True,175,326,1,Notice,['environment'],[],1,2,1,0,4,,,,,
2026-06189,Agency Information Collection Activities; Submission for OMB Review; Comment Request; Multiple Internal Revenue Service Information Collection Requests,Notice,2026-03-31,"The Department of the Treasury will submit the following information collection requests to the Office of Management and Budget (OMB) for review and clearance in accordance with the Paperwork Reduction Act of 1995, on or after the date of publication of this notice. The public is invited to submit comments on these requests.",Treasury Department,"[{""raw_name"": ""DEPARTMENT OF THE TREASURY"", ""name"": ""Treasury Department"", ""id"": 497, ""url"": ""https://www.federalregister.gov/agencies/treasury-department"", ""json_url"": ""https://www.federalregister.gov/api/v1/agencies/497"", ""parent_id"": null, ""slug"": ""treasury-department""}]",https://www.federalregister.gov/documents/2026/03/31/2026-06189/agency-information-collection-activities-submission-for-omb-review-comment-request-multiple-internal,https://www.govinfo.gov/content/pkg/FR-2026-03-31/pdf/2026-06189.pdf,https://public-inspection.federalregister.gov/2026-06189.pdf?1774874716,federal_register,"Agency Information Collection Activities; Submission for OMB Review; Comment Request; Multiple Internal Revenue Service Information Collection Requests The Department of the Treasury will submit the following information collection requests to the Office of Management and Budget (OMB) for review and clearance in accordance with the Paperwork Reduction Act of 1995, on or after the date of publication of this notice. The public is invited to submit comments on these requests.",True,151,326,1,Notice,['environment'],[],1,2,1,0,4,,,,,
2026-06158,"Self-Regulatory Organizations; NYSE Arca, Inc.; Notice of Filing and Immediate Effectiveness of a Proposed Rule Change To Modify the NYSE Arca Options Fee Schedule To Waive the Combined Cap on Submitting Broker Credits Paid for QCC Trades and Floor Broker Rebates Paid Through the Manual Billable Rebate Program for the Month of March 2026",Notice,2026-03-31,,Securities and Exchange Commission,"[{""raw_name"": ""SECURITIES AND EXCHANGE COMMISSION"", ""name"": ""Securities and Exchange Commission"", ""id"": 466, ""url"": ""https://www.federalregister.gov/agencies/securities-and-exchange-commission"", ""json_url"": ""https://www.federalregister.gov/api/v1/agencies/466"", ""parent_id"": null, ""slug"": ""securities-and-exchange-commission""}]",https://www.federalregister.gov/documents/2026/03/31/2026-06158/self-regulatory-organizations-nyse-arca-inc-notice-of-filing-and-immediate-effectiveness-of-a,https://www.govinfo.gov/content/pkg/FR-2026-03-31/pdf/2026-06158.pdf,https://public-inspection.federalregister.gov/2026-06158.pdf?1774874713,federal_register,"Self-Regulatory Organizations; NYSE Arca, Inc.; Notice of Filing and Immediate Effectiveness of a Proposed Rule Change To Modify the NYSE Arca Options Fee Schedule To Waive the Combined Cap on Submitting Broker Credits Paid for QCC Trades and Floor Broker Rebates Paid Through the Manual Billable Rebate Program for the Month of March 2026 ",False,339,0,1,Notice,[],[],1,0,0,0,1,,,,,
2026-06137,Agency Information Collection Activities; Submission to the Office of Management and Budget for Review and Approval; Comment Request; Day of Service Application Instructions (MLK & 9/11),Notice,2026-03-31,"The Corporation for National and Community Service, operating as AmeriCorps, has submitted a public information collection request (ICR) entitled Day of Service Application Instructions (MLK & 9/11) for review and approval in accordance with the Paperwork Reduction Act.",Corporation for National and Community Service,"[{""raw_name"": ""CORPORATION FOR NATIONAL AND COMMUNITY SERVICE"", ""name"": ""Corporation for National and Community Service"", ""id"": 91, ""url"": ""https://www.federalregister.gov/agencies/corporation-for-national-and-community-service"", ""json_url"": ""https://www.federalregister.gov/api/v1/agencies/91"", ""parent_id"": null, ""slug"": ""corporation-for-national-and-community-service""}]",https://www.federalregister.gov/documents/2026/03/31/2026-06137/agency-information-collection-activities-submission-to-the-office-of-management-and-budget-for,https://www.govinfo.gov/content/pkg/FR-2026-03-31/pdf/2026-06137.pdf,https://public-inspection.federalregister.gov/2026-06137.pdf?1774874709,federal_register,"Agency Information Collection Activities; Submission to the Office of Management and Budget for Review and Approval; Comment Request; Day of Service Application Instructions (MLK & 9/11) The Corporation for National and Community Service, operating as AmeriCorps, has submitted a public information collection request (ICR) entitled Day of Service Application Instructions (MLK & 9/11) for review and approval in accordance with the Paperwork Reduction Act.",True,186,270,1,Notice,[],[],1,0,1,0,2,,,,,
2026-06127,Initiation of Antidumping and Countervailing Duty Administrative Reviews,Notice,2026-03-31,"The U.S. Department of Commerce (Commerce) has received requests to conduct administrative reviews of various antidumping duty (AD) and countervailing duty (CVD) orders with February anniversary dates. In accordance with Commerce's regulations, we are initiating those administrative reviews.","Commerce Department, International Trade Administration","[{""raw_name"": ""DEPARTMENT OF COMMERCE"", ""name"": ""Commerce Department"", ""id"": 54, ""url"": ""https://www.federalregister.gov/agencies/commerce-department"", ""json_url"": ""https://www.federalregister.gov/api/v1/agencies/54"", ""parent_id"": null, ""slug"": ""commerce-department""}, {""raw_name"": ""International Trade Administration"", ""name"": ""International Trade Administration"", ""id"": 261, ""url"": ""https://www.federalregister.gov/agencies/international-trade-administration"", ""json_url"": ""https://www.federalregister.gov/api/v1/agencies/261"", ""parent_id"": 54, ""slug"": ""international-trade-administration""}]",https://www.federalregister.gov/documents/2026/03/31/2026-06127/initiation-of-antidumping-and-countervailing-duty-administrative-reviews,https://www.govinfo.gov/content/pkg/FR-2026-03-31/pdf/2026-06127.pdf,https://public-inspection.federalregister.gov/2026-06127.pdf?1774874708,federal_register,"Initiation of Antidumping and Countervailing Duty Administrative Reviews The U.S. Department of Commerce (Commerce) has received requests to conduct administrative reviews of various antidumping duty (AD) and countervailing duty (CVD) orders with February anniversary dates. In accordance with Commerce's regulations, we are initiating those administrative reviews.",True,72,292,2,Notice,['environment'],[],1,2,1,0,4,,,,,
2026-06170,Agency Information Collection Activities: Proposed Collection; Comment Request,Notice,2026-03-31,"The Centers for Medicare & Medicaid Services (CMS) is announcing an opportunity for the public to comment on CMS' intention to collect information from the public. Under the Paperwork Reduction Act of 1995 (PRA), federal agencies are required to publish notice in the Federal Register concerning each proposed collection of information (including each proposed extension or reinstatement of an existing collection of information) and to allow 60 days for public comment on the proposed action. Interested persons are invited to send comments regarding our burden estimates or any other aspect of this collection of information, including the necessity and utility of the proposed information collection for the proper performance of the agency's functions, the accuracy of the estimated burden, ways to enhance the quality, utility, and clarity of the information to be collected, and the use of automated collection techniques or other forms of information technology to minimize the information collection burden.","Health and Human Services Department, Centers for Medicare & Medicaid Services","[{""raw_name"": ""DEPARTMENT OF HEALTH AND HUMAN SERVICES"", ""name"": ""Health and Human Services Department"", ""id"": 221, ""url"": ""https://www.federalregister.gov/agencies/health-and-human-services-department"", ""json_url"": ""https://www.federalregister.gov/api/v1/agencies/221"", ""parent_id"": null, ""slug"": ""health-and-human-services-department""}, {""raw_name"": ""Centers for Medicare & Medicaid Services"", ""name"": ""Centers for Medicare & Medicaid Services"", ""id"": 45, ""url"": ""https://www.federalregister.gov/agencies/centers-for-medicare-medicaid-services"", ""json_url"": ""https://www.federalregister.gov/api/v1/agencies/45"", ""parent_id"": 221, ""slug"": ""centers-for-medicare-medicaid-services""}]",https://www.federalregister.gov/documents/2026/03/31/2026-06170/agency-information-collection-activities-proposed-collection-comment-request,https://www.govinfo.gov/content/pkg/FR-2026-03-31/pdf/2026-06170.pdf,https://public-inspection.federalregister.gov/2026-06170.pdf?1774874714,federal_register,"Agency Information Collection Activities: Proposed Collection; Comment Request The Centers for Medicare & Medicaid Services (CMS) is announcing an opportunity for the public to comment on CMS' intention to collect information from the public. Under the Paperwork Reduction Act of 1995 (PRA), federal agencies are required to publish notice in the Federal Register concerning each proposed collection of information (including each proposed extension or reinstatement of an existing collection of information) and to allow 60 days for public comment on the proposed action. Interested persons are invited to send comments regarding our burden estimates or any other aspect of this collection of information, including the necessity and utility of the proposed information collection for the proper performance of the agency's functions, the accuracy of the estimated burden, ways to enhance the quality, utility, and clarity of the information to be collected, and the use of automated collection techniques or other forms of information technology to minimize the information collection burden.",True,78,1015,2,Notice,['healthcare'],[],1,1,2,0,4,,,,,
2026-06209,"30-Day Notice of Proposed Information Collection: Request To Change End-User, End-Use and/or Destination of Hardware and Open General Licenses",Notice,2026-03-31,The Department of State has submitted the information collection described below to the Office of Management and Budget (OMB) for approval. In accordance with the Paperwork Reduction Act of 1995 we are requesting comments on this collection from all interested individuals and organizations. The purpose of this Notice is to allow 30 days for public comment.,State Department,"[{""raw_name"": ""DEPARTMENT OF STATE"", ""name"": ""State Department"", ""id"": 476, ""url"": ""https://www.federalregister.gov/agencies/state-department"", ""json_url"": ""https://www.federalregister.gov/api/v1/agencies/476"", ""parent_id"": null, ""slug"": ""state-department""}]",https://www.federalregister.gov/documents/2026/03/31/2026-06209/30-day-notice-of-proposed-information-collection-request-to-change-end-user-end-use-andor,https://www.govinfo.gov/content/pkg/FR-2026-03-31/pdf/2026-06209.pdf,https://public-inspection.federalregister.gov/2026-06209.pdf?1774874718,federal_register,"30-Day Notice of Proposed Information Collection: Request To Change End-User, End-Use and/or Destination of Hardware and Open General Licenses The Department of State has submitted the information collection described below to the Office of Management and Budget (OMB) for approval. In accordance with the Paperwork Reduction Act of 1995 we are requesting comments on this collection from all interested individuals and organizations. The purpose of this Notice is to allow 30 days for public comment.",True,142,358,1,Notice,['environment'],[],1,2,1,0,4,,,,,
2026-06139,Information Collection: Infrastructure Investment and Jobs Act Financial Assistance to Facilities That Purchase and Process Byproducts for Ecosystem Restoration (ALN 10.725) Wood Products Infrastructure Assistance (WPIA),Notice,2026-03-31,"In accordance with the Paperwork Reduction Act of 1995, the Forest Service (Agency) is seeking comments from all interested individuals and organizations on the extension with no revision of a currently approved information collection, Infrastructure Investment and Jobs Act Financial Assistance to Facilities that Purchase and Process Byproducts for Ecosystem Restoration (ALN 10.725) Wood Products Infrastructure Assistance (WPIA).","Agriculture Department, Forest Service","[{""raw_name"": ""DEPARTMENT OF AGRICULTURE"", ""name"": ""Agriculture Department"", ""id"": 12, ""url"": ""https://www.federalregister.gov/agencies/agriculture-department"", ""json_url"": ""https://www.federalregister.gov/api/v1/agencies/12"", ""parent_id"": null, ""slug"": ""agriculture-department""}, {""raw_name"": ""Forest Service"", ""name"": ""Forest Service"", ""id"": 209, ""url"": ""https://www.federalregister.gov/agencies/forest-service"", ""json_url"": ""https://www.federalregister.gov/api/v1/agencies/209"", ""parent_id"": 12, ""slug"": ""forest-service""}]",https://www.federalregister.gov/documents/2026/03/31/2026-06139/information-collection-infrastructure-investment-and-jobs-act-financial-assistance-to-facilities,https://www.govinfo.gov/content/pkg/FR-2026-03-31/pdf/2026-06139.pdf,https://public-inspection.federalregister.gov/2026-06139.pdf?1774874709,federal_register,"Information Collection: Infrastructure Investment and Jobs Act Financial Assistance to Facilities That Purchase and Process Byproducts for Ecosystem Restoration (ALN 10.725) Wood Products Infrastructure Assistance (WPIA) In accordance with the Paperwork Reduction Act of 1995, the Forest Service (Agency) is seeking comments from all interested individuals and organizations on the extension with no revision of a currently approved information collection, Infrastructure Investment and Jobs Act Financial Assistance to Facilities that Purchase and Process Byproducts for Ecosystem Restoration (ALN 10.725) Wood Products Infrastructure Assistance (WPIA).",True,220,433,2,Notice,"['housing', 'finance']",[],1,5,1,0,7,,,,,
2026-06215,Proposed Collection; Comment Request,Notice,2026-03-31,"In compliance with the Paperwork Reduction Act of 1995, the United States Military Academy (USMA) announces a proposed public information collection and seeks public comment on the provisions thereof. Comments are invited on: whether the proposed collection of information is necessary for the proper performance of the functions of the agency, including whether the information shall have practical utility; the accuracy of the agency's estimate of the burden of the proposed information collection; ways to enhance the quality, utility, and clarity of the information to be collected; and ways to minimize the burden of the information collection on respondents, including through the use of automated collection techniques or other forms of information technology.","Defense Department, Army Department","[{""raw_name"": ""DEPARTMENT OF DEFENSE"", ""name"": ""Defense Department"", ""id"": 103, ""url"": ""https://www.federalregister.gov/agencies/defense-department"", ""json_url"": ""https://www.federalregister.gov/api/v1/agencies/103"", ""parent_id"": null, ""slug"": ""defense-department""}, {""raw_name"": ""Department of the Army"", ""name"": ""Army Department"", ""id"": 32, ""url"": ""https://www.federalregister.gov/agencies/army-department"", ""json_url"": ""https://www.federalregister.gov/api/v1/agencies/32"", ""parent_id"": 103, ""slug"": ""army-department""}]",https://www.federalregister.gov/documents/2026/03/31/2026-06215/proposed-collection-comment-request,https://www.govinfo.gov/content/pkg/FR-2026-03-31/pdf/2026-06215.pdf,https://public-inspection.federalregister.gov/2026-06215.pdf?1774874718,federal_register,"Proposed Collection; Comment Request In compliance with the Paperwork Reduction Act of 1995, the United States Military Academy (USMA) announces a proposed public information collection and seeks public comment on the provisions thereof. Comments are invited on: whether the proposed collection of information is necessary for the proper performance of the functions of the agency, including whether the information shall have practical utility; the accuracy of the agency's estimate of the burden of the proposed information collection; ways to enhance the quality, utility, and clarity of the information to be collected; and ways to minimize the burden of the information collection on respondents, including through the use of automated collection techniques or other forms of information technology.",True,36,767,2,Notice,[],[],1,0,2,0,3,,,,,
2026-06199,"Delvin Warner; Notice of Pending Jurisdictional Inquiry, and Soliciting Comments, Protests and Motions To Intervene",Notice,2026-03-31,,"Energy Department, Federal Energy Regulatory Commission","[{""raw_name"": ""DEPARTMENT OF ENERGY"", ""name"": ""Energy Department"", ""id"": 136, ""url"": ""https://www.federalregister.gov/agencies/energy-department"", ""json_url"": ""https://www.federalregister.gov/api/v1/agencies/136"", ""parent_id"": null, ""slug"": ""energy-department""}, {""raw_name"": ""Federal Energy Regulatory Commission"", ""name"": ""Federal Energy Regulatory Commission"", ""id"": 167, ""url"": ""https://www.federalregister.gov/agencies/federal-energy-regulatory-commission"", ""json_url"": ""https://www.federalregister.gov/api/v1/agencies/167"", ""parent_id"": 136, ""slug"": ""federal-energy-regulatory-commission""}]",https://www.federalregister.gov/documents/2026/03/31/2026-06199/delvin-warner-notice-of-pending-jurisdictional-inquiry-and-soliciting-comments-protests-and-motions,https://www.govinfo.gov/content/pkg/FR-2026-03-31/pdf/2026-06199.pdf,https://public-inspection.federalregister.gov/2026-06199.pdf?1774874717,federal_register,"Delvin Warner; Notice of Pending Jurisdictional Inquiry, and Soliciting Comments, Protests and Motions To Intervene ",False,115,0,2,Notice,[],[],1,0,0,0,1,,,,,
2026-06220,Proposed Collection; Comment Request,Notice,2026-03-31,"In compliance with the Paperwork Reduction Act of 1995, the United States (U.S.) Army Installation Management Command, G1 Passport Services Division/DoD Passport and Visa announces a proposed public information collection and seeks public comment on the provisions thereof. Comments are invited on: whether the proposed collection of information is necessary for the proper performance of the functions of the agency, including whether the information shall have practical utility; the accuracy of the agency's estimate of the burden of the proposed information collection; ways to enhance the quality, utility, and clarity of the information to be collected; and ways to minimize the burden of the information collection on respondents, including through the use of automated collection techniques or other forms of information technology.","Defense Department, Army Department","[{""raw_name"": ""DEPARTMENT OF DEFENSE"", ""name"": ""Defense Department"", ""id"": 103, ""url"": ""https://www.federalregister.gov/agencies/defense-department"", ""json_url"": ""https://www.federalregister.gov/api/v1/agencies/103"", ""parent_id"": null, ""slug"": ""defense-department""}, {""raw_name"": ""Department of the Army"", ""name"": ""Army Department"", ""id"": 32, ""url"": ""https://www.federalregister.gov/agencies/army-department"", ""json_url"": ""https://www.federalregister.gov/api/v1/agencies/32"", ""parent_id"": 103, ""slug"": ""army-department""}]",https://www.federalregister.gov/documents/2026/03/31/2026-06220/proposed-collection-comment-request,https://www.govinfo.gov/content/pkg/FR-2026-03-31/pdf/2026-06220.pdf,https://public-inspection.federalregister.gov/2026-06220.pdf?1774874719,federal_register,"Proposed Collection; Comment Request In compliance with the Paperwork Reduction Act of 1995, the United States (U.S.) Army Installation Management Command, G1 Passport Services Division/DoD Passport and Visa announces a proposed public information collection and seeks public comment on the provisions thereof. Comments are invited on: whether the proposed collection of information is necessary for the proper performance of the functions of the agency, including whether the information shall have practical utility; the accuracy of the agency's estimate of the burden of the proposed information collection; ways to enhance the quality, utility, and clarity of the information to be collected; and ways to minimize the burden of the information collection on respondents, including through the use of automated collection techniques or other forms of information technology.",True,36,840,2,Notice,[],[],1,0,2,0,3,,,,,
2026-06222,Proposed Collection; Comment Request,Notice,2026-03-31,"In compliance with the Paperwork Reduction Act of 1995, the WHS announces a proposed public information collection and seeks public comment on the provisions thereof. Comments are invited on: whether the proposed collection of information is necessary for the proper performance of the functions of the agency, including whether the information shall have practical utility; the accuracy of the agency's estimate of the burden of the proposed information collection; ways to enhance the quality, utility, and clarity of the information to be collected; and ways to minimize the burden of the information collection on respondents, including through the use of automated collection techniques or other forms of information technology.","Defense Department, ","[{""raw_name"": ""DEPARTMENT OF DEFENSE"", ""name"": ""Defense Department"", ""id"": 103, ""url"": ""https://www.federalregister.gov/agencies/defense-department"", ""json_url"": ""https://www.federalregister.gov/api/v1/agencies/103"", ""parent_id"": null, ""slug"": ""defense-department""}, {""raw_name"": ""Office of the Secretary""}]",https://www.federalregister.gov/documents/2026/03/31/2026-06222/proposed-collection-comment-request,https://www.govinfo.gov/content/pkg/FR-2026-03-31/pdf/2026-06222.pdf,https://public-inspection.federalregister.gov/2026-06222.pdf?1774874719,federal_register,"Proposed Collection; Comment Request In compliance with the Paperwork Reduction Act of 1995, the WHS announces a proposed public information collection and seeks public comment on the provisions thereof. Comments are invited on: whether the proposed collection of information is necessary for the proper performance of the functions of the agency, including whether the information shall have practical utility; the accuracy of the agency's estimate of the burden of the proposed information collection; ways to enhance the quality, utility, and clarity of the information to be collected; and ways to minimize the burden of the information collection on respondents, including through the use of automated collection techniques or other forms of information technology.",True,36,733,1,Notice,[],[],1,0,2,0,3,,,,,
2026-06180,Sunshine Act Meetings,Notice,2026-03-31,Public Meeting: U.S. Election Assistance Commission Local Leadership Council 2026 Annual Meeting.,Election Assistance Commission,"[{""raw_name"": ""ELECTION ASSISTANCE COMMISSION"", ""name"": ""Election Assistance Commission"", ""id"": 127, ""url"": ""https://www.federalregister.gov/agencies/election-assistance-commission"", ""json_url"": ""https://www.federalregister.gov/api/v1/agencies/127"", ""parent_id"": null, ""slug"": ""election-assistance-commission""}]",https://www.federalregister.gov/documents/2026/03/31/2026-06180/sunshine-act-meetings,https://www.govinfo.gov/content/pkg/FR-2026-03-31/pdf/2026-06180.pdf,https://public-inspection.federalregister.gov/2026-06180.pdf?1774624515,federal_register,Sunshine Act Meetings Public Meeting: U.S. Election Assistance Commission Local Leadership Council 2026 Annual Meeting.,True,21,97,1,Notice,[],[],1,0,0,0,1,,,,,
2026-06205,Notice of Agreements Filed,Notice,2026-03-31,,Federal Maritime Commission,"[{""raw_name"": ""FEDERAL MARITIME COMMISSION"", ""name"": ""Federal Maritime Commission"", ""id"": 178, ""url"": ""https://www.federalregister.gov/agencies/federal-maritime-commission"", ""json_url"": ""https://www.federalregister.gov/api/v1/agencies/178"", ""parent_id"": null, ""slug"": ""federal-maritime-commission""}]",https://www.federalregister.gov/documents/2026/03/31/2026-06205/notice-of-agreements-filed,https://www.govinfo.gov/content/pkg/FR-2026-03-31/pdf/2026-06205.pdf,https://public-inspection.federalregister.gov/2026-06205.pdf?1774874717,federal_register,Notice of Agreements Filed ,False,26,0,1,Notice,[],[],1,0,0,0,1,,,,,
2026-06147,Sunshine Act Meetings,Notice,2026-03-31,,Securities and Exchange Commission,"[{""raw_name"": ""SECURITIES AND EXCHANGE COMMISSION"", ""name"": ""Securities and Exchange Commission"", ""id"": 466, ""url"": ""https://www.federalregister.gov/agencies/securities-and-exchange-commission"", ""json_url"": ""https://www.federalregister.gov/api/v1/agencies/466"", ""parent_id"": null, ""slug"": ""securities-and-exchange-commission""}]",https://www.federalregister.gov/documents/2026/03/31/2026-06147/sunshine-act-meetings,https://www.govinfo.gov/content/pkg/FR-2026-03-31/pdf/2026-06147.pdf,https://public-inspection.federalregister.gov/2026-06147.pdf?1774624514,federal_register,Sunshine Act Meetings ,False,21,0,1,Notice,[],[],1,0,0,0,1,,,,,
2026-06153,"Self-Regulatory Organizations; Nasdaq MRX, LLC; Notice of Filing of a Proposed Rule Change To Adopt Extended Trading Hours for Eligible Equity and Index Options",Notice,2026-03-31,,Securities and Exchange Commission,"[{""raw_name"": ""SECURITIES AND EXCHANGE COMMISSION"", ""name"": ""Securities and Exchange Commission"", ""id"": 466, ""url"": ""https://www.federalregister.gov/agencies/securities-and-exchange-commission"", ""json_url"": ""https://www.federalregister.gov/api/v1/agencies/466"", ""parent_id"": null, ""slug"": ""securities-and-exchange-commission""}]",https://www.federalregister.gov/documents/2026/03/31/2026-06153/self-regulatory-organizations-nasdaq-mrx-llc-notice-of-filing-of-a-proposed-rule-change-to-adopt,https://www.govinfo.gov/content/pkg/FR-2026-03-31/pdf/2026-06153.pdf,https://public-inspection.federalregister.gov/2026-06153.pdf?1774874712,federal_register,"Self-Regulatory Organizations; Nasdaq MRX, LLC; Notice of Filing of a Proposed Rule Change To Adopt Extended Trading Hours for Eligible Equity and Index Options ",False,160,0,1,Notice,[],[],1,0,0,0,1,,,,,
2026-06214,"Modification of Class E Airspace; Denver International Airport, Denver, CO",Rule,2026-03-31,"This action modifies the Class E airspace extending upward from 700 feet above the surface and removes the Class E airspace extending upward from 1,200 feet above the surface at Denver International Airport, Denver, CO. Additionally, this action makes an administrative modification to the airport's Class E airspace legal description. These actions support the safety and management of instrument flight rules (IFR) operations within the airspace described herein.","Transportation Department, Federal Aviation Administration","[{""raw_name"": ""DEPARTMENT OF TRANSPORTATION"", ""name"": ""Transportation Department"", ""id"": 492, ""url"": ""https://www.federalregister.gov/agencies/transportation-department"", ""json_url"": ""https://www.federalregister.gov/api/v1/agencies/492"", ""parent_id"": null, ""slug"": ""transportation-department""}, {""raw_name"": ""Federal Aviation Administration"", ""name"": ""Federal Aviation Administration"", ""id"": 159, ""url"": ""https://www.federalregister.gov/agencies/federal-aviation-administration"", ""json_url"": ""https://www.federalregister.gov/api/v1/agencies/159"", ""parent_id"": 492, ""slug"": ""federal-aviation-administration""}]",https://www.federalregister.gov/documents/2026/03/31/2026-06214/modification-of-class-e-airspace-denver-international-airport-denver-co,https://www.govinfo.gov/content/pkg/FR-2026-03-31/pdf/2026-06214.pdf,https://public-inspection.federalregister.gov/2026-06214.pdf?1774874718,federal_register,"Modification of Class E Airspace; Denver International Airport, Denver, CO This action modifies the Class E airspace extending upward from 700 feet above the surface and removes the Class E airspace extending upward from 1,200 feet above the surface at Denver International Airport, Denver, CO. Additionally, this action makes an administrative modification to the airport's Class E airspace legal description. These actions support the safety and management of instrument flight rules (IFR) operations within the airspace described herein.",True,74,465,2,Rule,['transportation'],['CO'],3,2,1,1,7,,,,,
2026-06157,Self-Regulatory Organizations; NYSE American LLC; Notice of Filing and Immediate Effectiveness of a Proposed Rule Change To Amend the NYSE American Options Fee Schedule To Adopt Fees for Trading in Options Overlying the MSCI EAFE Index and the MSCI Emerging Markets Index,Notice,2026-03-31,,Securities and Exchange Commission,"[{""raw_name"": ""SECURITIES AND EXCHANGE COMMISSION"", ""name"": ""Securities and Exchange Commission"", ""id"": 466, ""url"": ""https://www.federalregister.gov/agencies/securities-and-exchange-commission"", ""json_url"": ""https://www.federalregister.gov/api/v1/agencies/466"", ""parent_id"": null, ""slug"": ""securities-and-exchange-commission""}]",https://www.federalregister.gov/documents/2026/03/31/2026-06157/self-regulatory-organizations-nyse-american-llc-notice-of-filing-and-immediate-effectiveness-of-a,https://www.govinfo.gov/content/pkg/FR-2026-03-31/pdf/2026-06157.pdf,https://public-inspection.federalregister.gov/2026-06157.pdf?1774874713,federal_register,Self-Regulatory Organizations; NYSE American LLC; Notice of Filing and Immediate Effectiveness of a Proposed Rule Change To Amend the NYSE American Options Fee Schedule To Adopt Fees for Trading in Options Overlying the MSCI EAFE Index and the MSCI Emerging Markets Index ,False,271,0,1,Notice,[],[],1,0,0,0,1,,,,,
2026-06173,Single Family Housing Guaranteed Loan Program-Income Producing Accessory Dwelling Unit (ADU) Provisions,Proposed Rule,2026-03-31,"The Rural Housing Service (RHS or the Agency), an agency of the Rural Development mission area within the United States Department of Agriculture (USDA), is issuing a proposed rule to amend the current Single Family Housing Guaranteed Loan Program (SFHGLP) regulation. These proposed changes are intended to allow the Agency to finance a single family home with a single or multiple income producing Accessory Dwelling Units (ADU). Additionally, we propose to clarify that borrowers can finance properties with features designed to accommodate home-based operations with non-commercial real estate features. The plain language summary of the proposal is available on Regulations.gov in the docket for rulemaking.","Agriculture Department, Rural Housing Service","[{""raw_name"": ""DEPARTMENT OF AGRICULTURE"", ""name"": ""Agriculture Department"", ""id"": 12, ""url"": ""https://www.federalregister.gov/agencies/agriculture-department"", ""json_url"": ""https://www.federalregister.gov/api/v1/agencies/12"", ""parent_id"": null, ""slug"": ""agriculture-department""}, {""raw_name"": ""Rural Housing Service"", ""name"": ""Rural Housing Service"", ""id"": 458, ""url"": ""https://www.federalregister.gov/agencies/rural-housing-service"", ""json_url"": ""https://www.federalregister.gov/api/v1/agencies/458"", ""parent_id"": 12, ""slug"": ""rural-housing-service""}]",https://www.federalregister.gov/documents/2026/03/31/2026-06173/single-family-housing-guaranteed-loan-program-income-producing-accessory-dwelling-unit-adu,https://www.govinfo.gov/content/pkg/FR-2026-03-31/pdf/2026-06173.pdf,https://public-inspection.federalregister.gov/2026-06173.pdf?1774874714,federal_register,"Single Family Housing Guaranteed Loan Program-Income Producing Accessory Dwelling Unit (ADU) Provisions The Rural Housing Service (RHS or the Agency), an agency of the Rural Development mission area within the United States Department of Agriculture (USDA), is issuing a proposed rule to amend the current Single Family Housing Guaranteed Loan Program (SFHGLP) regulation. These proposed changes are intended to allow the Agency to finance a single family home with a single or multiple income producing Accessory Dwelling Units (ADU). Additionally, we propose to clarify that borrowers can finance properties with features designed to accommodate home-based operations with non-commercial real estate features. The plain language summary of the proposal is available on Regulations.gov in the docket for rulemaking.",True,103,712,2,Proposed Rule,"['housing', 'environment', 'finance']",[],2,7,2,0,11,,,,,
2026-06223,Parcel Dimension Compliance,Rule,2026-03-31,"The Postal Service is amending Mailing Standards of the United States Postal Service, Domestic Mail Manual (DMM[supreg]) in various sections to expand the current requirement to include accurate parcel dimensions in a manifest.",Postal Service,"[{""raw_name"": ""POSTAL SERVICE"", ""name"": ""Postal Service"", ""id"": 410, ""url"": ""https://www.federalregister.gov/agencies/postal-service"", ""json_url"": ""https://www.federalregister.gov/api/v1/agencies/410"", ""parent_id"": null, ""slug"": ""postal-service""}]",https://www.federalregister.gov/documents/2026/03/31/2026-06223/parcel-dimension-compliance,https://www.govinfo.gov/content/pkg/FR-2026-03-31/pdf/2026-06223.pdf,https://public-inspection.federalregister.gov/2026-06223.pdf?1774874719,federal_register,"Parcel Dimension Compliance The Postal Service is amending Mailing Standards of the United States Postal Service, Domestic Mail Manual (DMM[supreg]) in various sections to expand the current requirement to include accurate parcel dimensions in a manifest.",True,27,227,1,Rule,['housing'],[],3,3,1,0,7,,,,,
2026-06286,Addressing DEI Discrimination by Federal Contractors,Presidential Document,2026-03-31,,Executive Office of the President,"[{""raw_name"": ""EXECUTIVE OFFICE OF THE PRESIDENT"", ""name"": ""Executive Office of the President"", ""id"": 538, ""url"": ""https://www.federalregister.gov/agencies/executive-office-of-the-president"", ""json_url"": ""https://www.federalregister.gov/api/v1/agencies/538"", ""parent_id"": null, ""slug"": ""executive-office-of-the-president""}]",https://www.federalregister.gov/documents/2026/03/31/2026-06286/addressing-dei-discrimination-by-federal-contractors,https://www.govinfo.gov/content/pkg/FR-2026-03-31/pdf/2026-06286.pdf,https://public-inspection.federalregister.gov/2026-06286.pdf?1774883710,federal_register,Addressing DEI Discrimination by Federal Contractors ,False,52,0,1,Presidential Document,[],[],3,0,0,0,3,,,,,
2026-06164,Addition of Preclearance Facility at Billy Bishop Toronto City Airport,Notice,2026-03-31,"This document announces that U.S. Customs and Border Protection (CBP) has opened an additional preclearance facility in Toronto, Ontario, Canada, at the Billy Bishop Toronto City Airport. Preclearance operations allow CBP to inspect and admit travelers and their goods to the United States prior to boarding in a foreign location, creating opportunities for increased security and efficiency. Preclearance enables travelers and their baggage to complete immigration, customs, and agriculture inspections by CBP officers and specialists in a foreign location before boarding a direct flight to the United States, generally eliminating the need for additional CBP (or other U.S. agency) processing or security screening upon arrival.","Homeland Security Department, U.S. Customs and Border Protection","[{""raw_name"": ""DEPARTMENT OF HOMELAND SECURITY"", ""name"": ""Homeland Security Department"", ""id"": 227, ""url"": ""https://www.federalregister.gov/agencies/homeland-security-department"", ""json_url"": ""https://www.federalregister.gov/api/v1/agencies/227"", ""parent_id"": null, ""slug"": ""homeland-security-department""}, {""raw_name"": ""U.S. Customs and Border Protection"", ""name"": ""U.S. Customs and Border Protection"", ""id"": 501, ""url"": ""https://www.federalregister.gov/agencies/u-s-customs-and-border-protection"", ""json_url"": ""https://www.federalregister.gov/api/v1/agencies/501"", ""parent_id"": 227, ""slug"": ""u-s-customs-and-border-protection""}]",https://www.federalregister.gov/documents/2026/03/31/2026-06164/addition-of-preclearance-facility-at-billy-bishop-toronto-city-airport,https://www.govinfo.gov/content/pkg/FR-2026-03-31/pdf/2026-06164.pdf,https://public-inspection.federalregister.gov/2026-06164.pdf?1774874713,federal_register,"Addition of Preclearance Facility at Billy Bishop Toronto City Airport This document announces that U.S. Customs and Border Protection (CBP) has opened an additional preclearance facility in Toronto, Ontario, Canada, at the Billy Bishop Toronto City Airport. Preclearance operations allow CBP to inspect and admit travelers and their goods to the United States prior to boarding in a foreign location, creating opportunities for increased security and efficiency. Preclearance enables travelers and their baggage to complete immigration, customs, and agriculture inspections by CBP officers and specialists in a foreign location before boarding a direct flight to the United States, generally eliminating the need for additional CBP (or other U.S. agency) processing or security screening upon arrival.",True,70,731,2,Notice,['transportation'],[],1,2,2,0,5,,,,,
2026-06176,Rules Regarding Off-the-Record Procedures,Rule,2026-03-31,"The Commission is revising its rules of practice and procedure to clarify the scope of permissible informal, off-the-record procedures discussed at Commission prehearing conferences.",Postal Regulatory Commission,"[{""raw_name"": ""POSTAL REGULATORY COMMISSION"", ""name"": ""Postal Regulatory Commission"", ""id"": 409, ""url"": ""https://www.federalregister.gov/agencies/postal-regulatory-commission"", ""json_url"": ""https://www.federalregister.gov/api/v1/agencies/409"", ""parent_id"": null, ""slug"": ""postal-regulatory-commission""}]",https://www.federalregister.gov/documents/2026/03/31/2026-06176/rules-regarding-off-the-record-procedures,https://www.govinfo.gov/content/pkg/FR-2026-03-31/pdf/2026-06176.pdf,https://public-inspection.federalregister.gov/2026-06176.pdf?1774874714,federal_register,"Rules Regarding Off-the-Record Procedures The Commission is revising its rules of practice and procedure to clarify the scope of permissible informal, off-the-record procedures discussed at Commission prehearing conferences.",True,41,182,1,Rule,[],[],3,0,1,0,4,,,,,
2026-06129,Float Glass Products From China and Malaysia; Determinations,Notice,2026-03-31,,International Trade Commission,"[{""raw_name"": ""INTERNATIONAL TRADE COMMISSION"", ""name"": ""International Trade Commission"", ""id"": 262, ""url"": ""https://www.federalregister.gov/agencies/international-trade-commission"", ""json_url"": ""https://www.federalregister.gov/api/v1/agencies/262"", ""parent_id"": null, ""slug"": ""international-trade-commission""}]",https://www.federalregister.gov/documents/2026/03/31/2026-06129/float-glass-products-from-china-and-malaysia-determinations,https://www.govinfo.gov/content/pkg/FR-2026-03-31/pdf/2026-06129.pdf,https://public-inspection.federalregister.gov/2026-06129.pdf?1774874708,federal_register,Float Glass Products From China and Malaysia; Determinations ,False,60,0,1,Notice,[],[],1,0,0,0,1,,,,,
2026-06128,Notice of Extension of the Deadline for Determining the Adequacy of the Antidumping and Countervailing Duty Petitions: Lithium Hexafluorophosphate From the People's Republic of China,Notice,2026-03-31,,"Commerce Department, International Trade Administration","[{""raw_name"": ""DEPARTMENT OF COMMERCE"", ""name"": ""Commerce Department"", ""id"": 54, ""url"": ""https://www.federalregister.gov/agencies/commerce-department"", ""json_url"": ""https://www.federalregister.gov/api/v1/agencies/54"", ""parent_id"": null, ""slug"": ""commerce-department""}, {""raw_name"": ""International Trade Administration"", ""name"": ""International Trade Administration"", ""id"": 261, ""url"": ""https://www.federalregister.gov/agencies/international-trade-administration"", ""json_url"": ""https://www.federalregister.gov/api/v1/agencies/261"", ""parent_id"": 54, ""slug"": ""international-trade-administration""}]",https://www.federalregister.gov/documents/2026/03/31/2026-06128/notice-of-extension-of-the-deadline-for-determining-the-adequacy-of-the-antidumping-and,https://www.govinfo.gov/content/pkg/FR-2026-03-31/pdf/2026-06128.pdf,https://public-inspection.federalregister.gov/2026-06128.pdf?1774874708,federal_register,Notice of Extension of the Deadline for Determining the Adequacy of the Antidumping and Countervailing Duty Petitions: Lithium Hexafluorophosphate From the People's Republic of China ,False,182,0,2,Notice,[],[],1,0,0,0,1,,,,,
2026-06140,"Regan Capital Alternative Income Fund and Regan Capital, LLC",Notice,2026-03-31,,Securities and Exchange Commission,"[{""raw_name"": ""SECURITIES AND EXCHANGE COMMISSION"", ""name"": ""Securities and Exchange Commission"", ""id"": 466, ""url"": ""https://www.federalregister.gov/agencies/securities-and-exchange-commission"", ""json_url"": ""https://www.federalregister.gov/api/v1/agencies/466"", ""parent_id"": null, ""slug"": ""securities-and-exchange-commission""}]",https://www.federalregister.gov/documents/2026/03/31/2026-06140/regan-capital-alternative-income-fund-and-regan-capital-llc,https://www.govinfo.gov/content/pkg/FR-2026-03-31/pdf/2026-06140.pdf,https://public-inspection.federalregister.gov/2026-06140.pdf?1774874710,federal_register,"Regan Capital Alternative Income Fund and Regan Capital, LLC ",False,60,0,1,Notice,[],[],1,0,0,0,1,,,,,
2026-06134,Codex Alimentarius Commission: Meeting of the Codex Committee on Food Labelling,Notice,2026-03-31,"The U.S. Codex Office is sponsoring a public meeting on April 23, 2026. The objective of the public meeting is to provide information and receive public comments on agenda items and draft U.S. position to be discussed at the 49th Session of the Codex Committee on Food Labelling (CCFL49) of the Codex Alimentarius Commission (CAC). CCFL49 will be held in Ottawa, Canada, from May 11 to 15, 2026. The U.S. Manager for Codex Alimentarius and the Under Secretary for Trade and Foreign Agricultural Affairs recognize the importance of providing interested parties the opportunity to obtain background information on the 49th Session of the CCFL and to address items on the agenda.","Agriculture Department, U.S. Codex Office","[{""raw_name"": ""DEPARTMENT OF AGRICULTURE"", ""name"": ""Agriculture Department"", ""id"": 12, ""url"": ""https://www.federalregister.gov/agencies/agriculture-department"", ""json_url"": ""https://www.federalregister.gov/api/v1/agencies/12"", ""parent_id"": null, ""slug"": ""agriculture-department""}, {""raw_name"": ""U.S. Codex Office"", ""name"": ""U.S. Codex Office"", ""id"": 597, ""url"": ""https://www.federalregister.gov/agencies/us-codex-office"", ""json_url"": ""https://www.federalregister.gov/api/v1/agencies/597"", ""parent_id"": 12, ""slug"": ""us-codex-office""}]",https://www.federalregister.gov/documents/2026/03/31/2026-06134/codex-alimentarius-commission-meeting-of-the-codex-committee-on-food-labelling,https://www.govinfo.gov/content/pkg/FR-2026-03-31/pdf/2026-06134.pdf,https://public-inspection.federalregister.gov/2026-06134.pdf?1774874708,federal_register,"Codex Alimentarius Commission: Meeting of the Codex Committee on Food Labelling The U.S. Codex Office is sponsoring a public meeting on April 23, 2026. The objective of the public meeting is to provide information and receive public comments on agenda items and draft U.S. position to be discussed at the 49th Session of the Codex Committee on Food Labelling (CCFL49) of the Codex Alimentarius Commission (CAC). CCFL49 will be held in Ottawa, Canada, from May 11 to 15, 2026. The U.S. Manager for Codex Alimentarius and the Under Secretary for Trade and Foreign Agricultural Affairs recognize the importance of providing interested parties the opportunity to obtain background information on the 49th Session of the CCFL and to address items on the agenda.",True,79,676,2,Notice,[],[],1,0,2,0,3,,,,,
2026-06194,"Foreign-Trade Zone (FTZ) 30, Notification of Proposed Production Activity; Stadler US Inc; (Passenger Rolling Stock); Salt Lake City, Utah",Notice,2026-03-31,,"Commerce Department, Foreign-Trade Zones Board","[{""raw_name"": ""DEPARTMENT OF COMMERCE"", ""name"": ""Commerce Department"", ""id"": 54, ""url"": ""https://www.federalregister.gov/agencies/commerce-department"", ""json_url"": ""https://www.federalregister.gov/api/v1/agencies/54"", ""parent_id"": null, ""slug"": ""commerce-department""}, {""raw_name"": ""Foreign-Trade Zones Board"", ""name"": ""Foreign-Trade Zones Board"", ""id"": 208, ""url"": ""https://www.federalregister.gov/agencies/foreign-trade-zones-board"", ""json_url"": ""https://www.federalregister.gov/api/v1/agencies/208"", ""parent_id"": 54, ""slug"": ""foreign-trade-zones-board""}]",https://www.federalregister.gov/documents/2026/03/31/2026-06194/foreign-trade-zone-ftz-30-notification-of-proposed-production-activity-stadler-us-inc-passenger,https://www.govinfo.gov/content/pkg/FR-2026-03-31/pdf/2026-06194.pdf,https://public-inspection.federalregister.gov/2026-06194.pdf?1774874716,federal_register,"Foreign-Trade Zone (FTZ) 30, Notification of Proposed Production Activity; Stadler US Inc; (Passenger Rolling Stock); Salt Lake City, Utah ",False,138,0,2,Notice,[],['UT'],1,0,0,1,2,,,,,
2026-06217,Revised Non-Foreign Overseas Per Diem Rates,Notice,2026-03-31,"DHRA publishes this Civilian Personnel Per Diem Bulletin Number 331. Bulletin Number 331 lists current per diem rates prescribed for reimbursement of subsistence expenses while on official Government travel to Alaska, Hawaii, the Commonwealth of Puerto Rico, and the possessions of the U.S. The Calendar Year (CY) 2026 lodging rate review for Puerto Rico resulted in rate changes for multiple locations.","Defense Department, ","[{""raw_name"": ""DEPARTMENT OF DEFENSE"", ""name"": ""Defense Department"", ""id"": 103, ""url"": ""https://www.federalregister.gov/agencies/defense-department"", ""json_url"": ""https://www.federalregister.gov/api/v1/agencies/103"", ""parent_id"": null, ""slug"": ""defense-department""}, {""raw_name"": ""Office of the Secretary""}]",https://www.federalregister.gov/documents/2026/03/31/2026-06217/revised-non-foreign-overseas-per-diem-rates,https://www.govinfo.gov/content/pkg/FR-2026-03-31/pdf/2026-06217.pdf,https://public-inspection.federalregister.gov/2026-06217.pdf?1774874719,federal_register,"Revised Non-Foreign Overseas Per Diem Rates DHRA publishes this Civilian Personnel Per Diem Bulletin Number 331. Bulletin Number 331 lists current per diem rates prescribed for reimbursement of subsistence expenses while on official Government travel to Alaska, Hawaii, the Commonwealth of Puerto Rico, and the possessions of the U.S. The Calendar Year (CY) 2026 lodging rate review for Puerto Rico resulted in rate changes for multiple locations.",True,43,403,1,Notice,['housing'],"['AK', 'HI']",1,3,1,1,6,,,,,
2026-06172,Competition Announcement; Training of Interpreters for Individuals Who Are Deaf or Hard of Hearing and Individuals Who Are DeafBlind,Notice,2026-03-31,"The Department of Education (ED) announces the opportunity to apply for competitive grants for the Fiscal Year (FY) 2026 under the Training of Interpreters for Individuals Who Are Deaf or Hard of Hearing and Individuals Who Are DeafBlind (Interpreter Training) program, Assistance Listing Number (ALN) 84.160D.",Education Department,"[{""raw_name"": ""DEPARTMENT OF EDUCATION"", ""name"": ""Education Department"", ""id"": 126, ""url"": ""https://www.federalregister.gov/agencies/education-department"", ""json_url"": ""https://www.federalregister.gov/api/v1/agencies/126"", ""parent_id"": null, ""slug"": ""education-department""}]",https://www.federalregister.gov/documents/2026/03/31/2026-06172/competition-announcement-training-of-interpreters-for-individuals-who-are-deaf-or-hard-of-hearing,https://www.govinfo.gov/content/pkg/FR-2026-03-31/pdf/2026-06172.pdf,https://public-inspection.federalregister.gov/2026-06172.pdf?1774874714,federal_register,"Competition Announcement; Training of Interpreters for Individuals Who Are Deaf or Hard of Hearing and Individuals Who Are DeafBlind The Department of Education (ED) announces the opportunity to apply for competitive grants for the Fiscal Year (FY) 2026 under the Training of Interpreters for Individuals Who Are Deaf or Hard of Hearing and Individuals Who Are DeafBlind (Interpreter Training) program, Assistance Listing Number (ALN) 84.160D.",True,132,310,1,Notice,['environment'],[],1,2,1,0,4,,,,,
2026-06193,Agency Information Collection Activities: Proposed Collection; Comment Request,Notice,2026-03-31,"This notice announces the intention of the Agency for Healthcare Research and Quality (AHRQ) to request that the Office of Management and Budget (OMB) approve the revision of the currently approved information collection project ""Medical Expenditure Panel Survey--Household Component, OMB No. 0935-0118."" This information collection was previously published in the Federal Register on December 30, 2025, and allowed 60 days for public comment. The purpose of this notice is to allow an additional 30 days for public comment. During the 60-day comment period, AHRQ received three comments. One commenter expressed support for the collection. Another supported inclusion of sleep-related questions and suggested additional items; AHRQ will consider these for future inclusion. A third commenter supported MEPS but raised concerns about removal of questions on sexual orientation and gender identity, birth control counseling, the ESAQ, and the DCS. AHRQ notes that sexual orientation and gender identity questions were removed pursuant to Executive Order 14168. AHRQ continues to propose removal of the birth control counseling question due to space constraints and other priorities. The ESAQ was a one-time, externally funded supplement and will be released as planned. AHRQ also continues to propose removal of the current DCS due to cost, outdated content, and data quality concerns, while considering future updates or alternative modules.","Health and Human Services Department, Agency for Healthcare Research and Quality","[{""raw_name"": ""DEPARTMENT OF HEALTH AND HUMAN SERVICES"", ""name"": ""Health and Human Services Department"", ""id"": 221, ""url"": ""https://www.federalregister.gov/agencies/health-and-human-services-department"", ""json_url"": ""https://www.federalregister.gov/api/v1/agencies/221"", ""parent_id"": null, ""slug"": ""health-and-human-services-department""}, {""raw_name"": ""Agency for Healthcare Research and Quality"", ""name"": ""Agency for Healthcare Research and Quality"", ""id"": 5, ""url"": ""https://www.federalregister.gov/agencies/agency-for-healthcare-research-and-quality"", ""json_url"": ""https://www.federalregister.gov/api/v1/agencies/5"", ""parent_id"": 221, ""slug"": ""agency-for-healthcare-research-and-quality""}]",https://www.federalregister.gov/documents/2026/03/31/2026-06193/agency-information-collection-activities-proposed-collection-comment-request,https://www.govinfo.gov/content/pkg/FR-2026-03-31/pdf/2026-06193.pdf,https://public-inspection.federalregister.gov/2026-06193.pdf?1774874716,federal_register,"Agency Information Collection Activities: Proposed Collection; Comment Request This notice announces the intention of the Agency for Healthcare Research and Quality (AHRQ) to request that the Office of Management and Budget (OMB) approve the revision of the currently approved information collection project ""Medical Expenditure Panel Survey--Household Component, OMB No. 0935-0118."" This information collection was previously published in the Federal Register on December 30, 2025, and allowed 60 days for public comment. The purpose of this notice is to allow an additional 30 days for public comment. During the 60-day comment period, AHRQ received three comments. One commenter expressed support for the collection. Another supported inclusion of sleep-related questions and suggested additional items; AHRQ will consider these for future inclusion. A third commenter supported MEPS but raised concerns about removal of questions on sexual orientation and gender identity, birth control counseling, the ESAQ, and the DCS. AHRQ notes that sexual orientation and gender identity questions were removed pursuant to Executive Order 14168. AHRQ continues to propose removal of the birth control counseling question due to space constraints and other priorities. The ESAQ was a one-time, externally funded supplement and will be released as planned. AHRQ also continues to propose removal of the current DCS due to cost, outdated content, and data quality concerns, while considering future updates or alternative modules.",True,78,1441,2,Notice,"['healthcare', 'housing']",[],1,4,2,0,7,,,,,
2026-06179,"Submission for OMB Review; TANF Financial Report, ACF-196T",Notice,2026-03-31,"The Administration for Children and Families (ACF) is requesting a 3-year extension of the Temporary Assistance for Needy Families (TANF) Financial Report, Form ACF-196T (Office of Management and Budget (OMB) #: 0970-0345, expiration date: March 31, 2026. ACF is not proposing updates to the form but is proposing significant updates to streamline and improve the instructions. While the substance of the instructions remains the same, they are easier to read, with review time reduced by an estimated 33 percent.","Health and Human Services Department, Children and Families Administration","[{""raw_name"": ""DEPARTMENT OF HEALTH AND HUMAN SERVICES"", ""name"": ""Health and Human Services Department"", ""id"": 221, ""url"": ""https://www.federalregister.gov/agencies/health-and-human-services-department"", ""json_url"": ""https://www.federalregister.gov/api/v1/agencies/221"", ""parent_id"": null, ""slug"": ""health-and-human-services-department""}, {""raw_name"": ""Administration for Children and Families"", ""name"": ""Children and Families Administration"", ""id"": 49, ""url"": ""https://www.federalregister.gov/agencies/children-and-families-administration"", ""json_url"": ""https://www.federalregister.gov/api/v1/agencies/49"", ""parent_id"": 221, ""slug"": ""children-and-families-administration""}]",https://www.federalregister.gov/documents/2026/03/31/2026-06179/submission-for-omb-review-tanf-financial-report-acf-196t,https://www.govinfo.gov/content/pkg/FR-2026-03-31/pdf/2026-06179.pdf,https://public-inspection.federalregister.gov/2026-06179.pdf?1774874715,federal_register,"Submission for OMB Review; TANF Financial Report, ACF-196T The Administration for Children and Families (ACF) is requesting a 3-year extension of the Temporary Assistance for Needy Families (TANF) Financial Report, Form ACF-196T (Office of Management and Budget (OMB) #: 0970-0345, expiration date: March 31, 2026. ACF is not proposing updates to the form but is proposing significant updates to streamline and improve the instructions. While the substance of the instructions remains the same, they are easier to read, with review time reduced by an estimated 33 percent.",True,58,513,2,Notice,[],[],1,0,2,0,3,,,,,
2026-06188,"Agency Information Collection Activities: Proposed Collection: Public Comment Request; Information Collection Request Title: Black Lung Clinics Program Performance Measures, OMB No. 0915-0292-Revision",Notice,2026-03-31,"In compliance with the requirement for opportunity for public comment on proposed data collection projects of the Paperwork Reduction Act of 1995, HRSA announces plans to submit an Information Collection Request (ICR), described below, to the Office of Management and Budget (OMB). Prior to submitting the ICR to OMB, HRSA seeks comments from the public regarding the burden estimate, below, or any other aspect of the ICR.","Health and Human Services Department, Health Resources and Services Administration","[{""raw_name"": ""DEPARTMENT OF HEALTH AND HUMAN SERVICES"", ""name"": ""Health and Human Services Department"", ""id"": 221, ""url"": ""https://www.federalregister.gov/agencies/health-and-human-services-department"", ""json_url"": ""https://www.federalregister.gov/api/v1/agencies/221"", ""parent_id"": null, ""slug"": ""health-and-human-services-department""}, {""raw_name"": ""Health Resources and Services Administration"", ""name"": ""Health Resources and Services Administration"", ""id"": 222, ""url"": ""https://www.federalregister.gov/agencies/health-resources-and-services-administration"", ""json_url"": ""https://www.federalregister.gov/api/v1/agencies/222"", ""parent_id"": 221, ""slug"": ""health-resources-and-services-administration""}]",https://www.federalregister.gov/documents/2026/03/31/2026-06188/agency-information-collection-activities-proposed-collection-public-comment-request-information,https://www.govinfo.gov/content/pkg/FR-2026-03-31/pdf/2026-06188.pdf,https://public-inspection.federalregister.gov/2026-06188.pdf?1774874716,federal_register,"Agency Information Collection Activities: Proposed Collection: Public Comment Request; Information Collection Request Title: Black Lung Clinics Program Performance Measures, OMB No. 0915-0292-Revision In compliance with the requirement for opportunity for public comment on proposed data collection projects of the Paperwork Reduction Act of 1995, HRSA announces plans to submit an Information Collection Request (ICR), described below, to the Office of Management and Budget (OMB). Prior to submitting the ICR to OMB, HRSA seeks comments from the public regarding the burden estimate, below, or any other aspect of the ICR.",True,200,423,2,Notice,[],[],1,0,1,0,2,,,,,
2026-06146,Center for Scientific Review; Notice of Closed Meetings,Notice,2026-03-31,,"Health and Human Services Department, National Institutes of Health","[{""raw_name"": ""DEPARTMENT OF HEALTH AND HUMAN SERVICES"", ""name"": ""Health and Human Services Department"", ""id"": 221, ""url"": ""https://www.federalregister.gov/agencies/health-and-human-services-department"", ""json_url"": ""https://www.federalregister.gov/api/v1/agencies/221"", ""parent_id"": null, ""slug"": ""health-and-human-services-department""}, {""raw_name"": ""National Institutes of Health"", ""name"": ""National Institutes of Health"", ""id"": 353, ""url"": ""https://www.federalregister.gov/agencies/national-institutes-of-health"", ""json_url"": ""https://www.federalregister.gov/api/v1/agencies/353"", ""parent_id"": 221, ""slug"": ""national-institutes-of-health""}]",https://www.federalregister.gov/documents/2026/03/31/2026-06146/center-for-scientific-review-notice-of-closed-meetings,https://www.govinfo.gov/content/pkg/FR-2026-03-31/pdf/2026-06146.pdf,https://public-inspection.federalregister.gov/2026-06146.pdf?1774874711,federal_register,Center for Scientific Review; Notice of Closed Meetings ,False,55,0,2,Notice,[],[],1,0,0,0,1,,,,,
2026-06162,Competitive Postal Products,Notice,2026-03-31,"The Commission is recognizing a recently filed Postal Service document with the Commission concerning time-limited changes in rates of general applicability for Competitive products. This notice informs the public of the filing, invites public comment, and takes other administrative steps.",Postal Regulatory Commission,"[{""raw_name"": ""POSTAL REGULATORY COMMISSION"", ""name"": ""Postal Regulatory Commission"", ""id"": 409, ""url"": ""https://www.federalregister.gov/agencies/postal-regulatory-commission"", ""json_url"": ""https://www.federalregister.gov/api/v1/agencies/409"", ""parent_id"": null, ""slug"": ""postal-regulatory-commission""}]",https://www.federalregister.gov/documents/2026/03/31/2026-06162/competitive-postal-products,https://www.govinfo.gov/content/pkg/FR-2026-03-31/pdf/2026-06162.pdf,https://public-inspection.federalregister.gov/2026-06162.pdf?1774874713,federal_register,"Competitive Postal Products The Commission is recognizing a recently filed Postal Service document with the Commission concerning time-limited changes in rates of general applicability for Competitive products. This notice informs the public of the filing, invites public comment, and takes other administrative steps.",True,27,290,1,Notice,[],[],1,0,1,0,2,,,,,
2026-06183,New Postal Products,Notice,2026-03-31,"The Commission is noticing a recent Postal Service filing for the Commission's consideration concerning a negotiated service agreement. This notice informs the public of the filing, invites public comment, and takes other administrative steps.",Postal Regulatory Commission,"[{""raw_name"": ""POSTAL REGULATORY COMMISSION"", ""name"": ""Postal Regulatory Commission"", ""id"": 409, ""url"": ""https://www.federalregister.gov/agencies/postal-regulatory-commission"", ""json_url"": ""https://www.federalregister.gov/api/v1/agencies/409"", ""parent_id"": null, ""slug"": ""postal-regulatory-commission""}]",https://www.federalregister.gov/documents/2026/03/31/2026-06183/new-postal-products,https://www.govinfo.gov/content/pkg/FR-2026-03-31/pdf/2026-06183.pdf,https://public-inspection.federalregister.gov/2026-06183.pdf?1774874715,federal_register,"New Postal Products The Commission is noticing a recent Postal Service filing for the Commission's consideration concerning a negotiated service agreement. This notice informs the public of the filing, invites public comment, and takes other administrative steps.",True,19,243,1,Notice,[],[],1,0,1,0,2,,,,,
2026-06150,"Self-Regulatory Organizations; Cboe EDGA Exchange, Inc.; Notice of Filing and Immediate Effectiveness of a Proposed Rule Change To Introduce an Exchange Clock Service",Notice,2026-03-31,,Securities and Exchange Commission,"[{""raw_name"": ""SECURITIES AND EXCHANGE COMMISSION"", ""name"": ""Securities and Exchange Commission"", ""id"": 466, ""url"": ""https://www.federalregister.gov/agencies/securities-and-exchange-commission"", ""json_url"": ""https://www.federalregister.gov/api/v1/agencies/466"", ""parent_id"": null, ""slug"": ""securities-and-exchange-commission""}]",https://www.federalregister.gov/documents/2026/03/31/2026-06150/self-regulatory-organizations-cboe-edga-exchange-inc-notice-of-filing-and-immediate-effectiveness-of,https://www.govinfo.gov/content/pkg/FR-2026-03-31/pdf/2026-06150.pdf,https://public-inspection.federalregister.gov/2026-06150.pdf?1774874712,federal_register,"Self-Regulatory Organizations; Cboe EDGA Exchange, Inc.; Notice of Filing and Immediate Effectiveness of a Proposed Rule Change To Introduce an Exchange Clock Service ",False,166,0,1,Notice,[],[],1,0,0,0,1,,,,,
2026-06155,"Self-Regulatory Organizations; NYSE Arca, Inc.; Notice of Filing and Immediate Effectiveness of a Proposed Rule Change To Modify the NYSE Arca Options Fee Schedule Regarding Certain Fees and Rebates Applicable to Non-Customers and Floor Brokers",Notice,2026-03-31,,Securities and Exchange Commission,"[{""raw_name"": ""SECURITIES AND EXCHANGE COMMISSION"", ""name"": ""Securities and Exchange Commission"", ""id"": 466, ""url"": ""https://www.federalregister.gov/agencies/securities-and-exchange-commission"", ""json_url"": ""https://www.federalregister.gov/api/v1/agencies/466"", ""parent_id"": null, ""slug"": ""securities-and-exchange-commission""}]",https://www.federalregister.gov/documents/2026/03/31/2026-06155/self-regulatory-organizations-nyse-arca-inc-notice-of-filing-and-immediate-effectiveness-of-a,https://www.govinfo.gov/content/pkg/FR-2026-03-31/pdf/2026-06155.pdf,https://public-inspection.federalregister.gov/2026-06155.pdf?1774874713,federal_register,"Self-Regulatory Organizations; NYSE Arca, Inc.; Notice of Filing and Immediate Effectiveness of a Proposed Rule Change To Modify the NYSE Arca Options Fee Schedule Regarding Certain Fees and Rebates Applicable to Non-Customers and Floor Brokers ",False,244,0,1,Notice,[],[],1,0,0,0,1,,,,,
2026-06229,Performance-Based Investment Advisory Fees,Proposed Rule,2026-03-31,"The Securities and Exchange Commission (the ""Commission"") intends to issue an order that would adjust for inflation dollar amount thresholds in the rule under the Investment Advisers Act of 1940 that permits investment advisers to charge performance-based fees to ""qualified clients."" Under that rule, an investment adviser may charge performance-based fees if a ""qualified client"" has a certain minimum net worth or minimum dollar amount of assets under the management of the adviser. The Commission's order would increase, to reflect inflation, the minimum net worth that a ""qualified client"" must have under the rule. The order would also increase, to reflect inflation, the minimum dollar amount of assets under management.",Securities and Exchange Commission,"[{""raw_name"": ""SECURITIES AND EXCHANGE COMMISSION"", ""name"": ""Securities and Exchange Commission"", ""id"": 466, ""url"": ""https://www.federalregister.gov/agencies/securities-and-exchange-commission"", ""json_url"": ""https://www.federalregister.gov/api/v1/agencies/466"", ""parent_id"": null, ""slug"": ""securities-and-exchange-commission""}]",https://www.federalregister.gov/documents/2026/03/31/2026-06229/performance-based-investment-advisory-fees,https://www.govinfo.gov/content/pkg/FR-2026-03-31/pdf/2026-06229.pdf,https://public-inspection.federalregister.gov/2026-06229.pdf?1774874720,federal_register,"Performance-Based Investment Advisory Fees The Securities and Exchange Commission (the ""Commission"") intends to issue an order that would adjust for inflation dollar amount thresholds in the rule under the Investment Advisers Act of 1940 that permits investment advisers to charge performance-based fees to ""qualified clients."" Under that rule, an investment adviser may charge performance-based fees if a ""qualified client"" has a certain minimum net worth or minimum dollar amount of assets under the management of the adviser. The Commission's order would increase, to reflect inflation, the minimum net worth that a ""qualified client"" must have under the rule. The order would also increase, to reflect inflation, the minimum dollar amount of assets under management.",True,42,727,1,Proposed Rule,['finance'],[],2,2,2,0,6,,,,,
2026-06143,Notice of Receipt of Complaint; Solicitation of Comments Relating to the Public Interest,Notice,2026-03-31,"Notice is hereby given that the U.S. International Trade Commission has received a complaint entitled Certain Semiconductor Devices, Products Containing Same, and Components Thereof, DN 3896; the Commission is soliciting comments on any public interest issues raised by the complaint or complainant's filing pursuant to the Commission's Rules of Practice and Procedure.",International Trade Commission,"[{""raw_name"": ""INTERNATIONAL TRADE COMMISSION"", ""name"": ""International Trade Commission"", ""id"": 262, ""url"": ""https://www.federalregister.gov/agencies/international-trade-commission"", ""json_url"": ""https://www.federalregister.gov/api/v1/agencies/262"", ""parent_id"": null, ""slug"": ""international-trade-commission""}]",https://www.federalregister.gov/documents/2026/03/31/2026-06143/notice-of-receipt-of-complaint-solicitation-of-comments-relating-to-the-public-interest,https://www.govinfo.gov/content/pkg/FR-2026-03-31/pdf/2026-06143.pdf,https://public-inspection.federalregister.gov/2026-06143.pdf?1774874710,federal_register,"Notice of Receipt of Complaint; Solicitation of Comments Relating to the Public Interest Notice is hereby given that the U.S. International Trade Commission has received a complaint entitled Certain Semiconductor Devices, Products Containing Same, and Components Thereof, DN 3896; the Commission is soliciting comments on any public interest issues raised by the complaint or complainant's filing pursuant to the Commission's Rules of Practice and Procedure.",True,88,369,1,Notice,[],[],1,0,1,0,2,,,,,
2026-06142,Agency Information Collection Activities; Alaska Beak Deformity Observations,Notice,2026-03-31,"In accordance with the Paperwork Reduction Act (PRA) of 1995, U.S. Geological Survey (USGS) is proposing to renew an information collection as part of the ongoing research in North American birds. Members of the public provide observation reports of birds with deformities from Alaska and other regions.","Interior Department, Geological Survey","[{""raw_name"": ""DEPARTMENT OF THE INTERIOR"", ""name"": ""Interior Department"", ""id"": 253, ""url"": ""https://www.federalregister.gov/agencies/interior-department"", ""json_url"": ""https://www.federalregister.gov/api/v1/agencies/253"", ""parent_id"": null, ""slug"": ""interior-department""}, {""raw_name"": ""Geological Survey"", ""name"": ""Geological Survey"", ""id"": 212, ""url"": ""https://www.federalregister.gov/agencies/geological-survey"", ""json_url"": ""https://www.federalregister.gov/api/v1/agencies/212"", ""parent_id"": 253, ""slug"": ""geological-survey""}]",https://www.federalregister.gov/documents/2026/03/31/2026-06142/agency-information-collection-activities-alaska-beak-deformity-observations,https://www.govinfo.gov/content/pkg/FR-2026-03-31/pdf/2026-06142.pdf,https://public-inspection.federalregister.gov/2026-06142.pdf?1774624514,federal_register,"Agency Information Collection Activities; Alaska Beak Deformity Observations In accordance with the Paperwork Reduction Act (PRA) of 1995, U.S. Geological Survey (USGS) is proposing to renew an information collection as part of the ongoing research in North American birds. Members of the public provide observation reports of birds with deformities from Alaska and other regions.",True,76,303,2,Notice,[],['AK'],1,0,1,1,3,,,,,
2026-06212,"30-Day Notice of Proposed Information Collection: Technology Security/Clearance Plans, Screening Records, and Non-Disclosure Agreements Pursuant to 22 CFR 126.18",Notice,2026-03-31,The Department of State has submitted the information collection described below to the Office of Management and Budget (OMB) for approval. In accordance with the Paperwork Reduction Act of 1995 we are requesting comments on this collection from all interested individuals and organizations. The purpose of this Notice is to allow 30 days for public comment.,State Department,"[{""raw_name"": ""DEPARTMENT OF STATE"", ""name"": ""State Department"", ""id"": 476, ""url"": ""https://www.federalregister.gov/agencies/state-department"", ""json_url"": ""https://www.federalregister.gov/api/v1/agencies/476"", ""parent_id"": null, ""slug"": ""state-department""}]",https://www.federalregister.gov/documents/2026/03/31/2026-06212/30-day-notice-of-proposed-information-collection-technology-securityclearance-plans-screening,https://www.govinfo.gov/content/pkg/FR-2026-03-31/pdf/2026-06212.pdf,https://public-inspection.federalregister.gov/2026-06212.pdf?1774874718,federal_register,"30-Day Notice of Proposed Information Collection: Technology Security/Clearance Plans, Screening Records, and Non-Disclosure Agreements Pursuant to 22 CFR 126.18 The Department of State has submitted the information collection described below to the Office of Management and Budget (OMB) for approval. In accordance with the Paperwork Reduction Act of 1995 we are requesting comments on this collection from all interested individuals and organizations. The purpose of this Notice is to allow 30 days for public comment.",True,161,358,1,Notice,['environment'],[],1,2,1,0,4,,,,,
2026-06227,Information Collection Being Reviewed by the Federal Communications Commission Under Delegated Authority,Notice,2026-03-31,"As part of its continuing effort to reduce paperwork burdens, and as required by the Paperwork Reduction Act (PRA), the Federal Communications Commission (FCC or Commission) invites the general public and other Federal agencies to take this opportunity to comment on the following information collections. Comments are requested concerning: whether the proposed collection of information is necessary for the proper performance of the functions of the Commission, including whether the information shall have practical utility; the accuracy of the Commission's burden estimate; ways to enhance the quality, utility, and clarity of the information collected; ways to minimize the burden of the collection of information on the respondents, including the use of automated collection techniques or other forms of information technology; and ways to further reduce the information collection burden on small business concerns with fewer than 25 employees.",Federal Communications Commission,"[{""raw_name"": ""FEDERAL COMMUNICATIONS COMMISSION"", ""name"": ""Federal Communications Commission"", ""id"": 161, ""url"": ""https://www.federalregister.gov/agencies/federal-communications-commission"", ""json_url"": ""https://www.federalregister.gov/api/v1/agencies/161"", ""parent_id"": null, ""slug"": ""federal-communications-commission""}]",https://www.federalregister.gov/documents/2026/03/31/2026-06227/information-collection-being-reviewed-by-the-federal-communications-commission-under-delegated,https://www.govinfo.gov/content/pkg/FR-2026-03-31/pdf/2026-06227.pdf,https://public-inspection.federalregister.gov/2026-06227.pdf?1774874720,federal_register,"Information Collection Being Reviewed by the Federal Communications Commission Under Delegated Authority As part of its continuing effort to reduce paperwork burdens, and as required by the Paperwork Reduction Act (PRA), the Federal Communications Commission (FCC or Commission) invites the general public and other Federal agencies to take this opportunity to comment on the following information collections. Comments are requested concerning: whether the proposed collection of information is necessary for the proper performance of the functions of the Commission, including whether the information shall have practical utility; the accuracy of the Commission's burden estimate; ways to enhance the quality, utility, and clarity of the information collected; ways to minimize the burden of the collection of information on the respondents, including the use of automated collection techniques or other forms of information technology; and ways to further reduce the information collection burden on small business concerns with fewer than 25 employees.",True,104,951,1,Notice,[],[],1,0,2,0,3,,,,,
2026-06210,"Agency Information Collection Activities: Comment Request; NSF Small Business Innovation Research (SBIR) Program Phase I, NSF Small Business Technology Transfer (STTR) Program Phase I, and NSF SBIR/STTR Fast-Track Pilot Pre-Submission Project Pitch Form",Notice,2026-03-31,"The National Science Foundation (NSF) has submitted the following information collection requirement to OMB for review and clearance under the Paperwork Reduction Act of 1995. This is the second notice for public comment; the first was published in the Federal Register, and no comments were received. NSF is forwarding the proposed submission to the Office of Management and Budget (OMB) for clearance simultaneously with the publication of this second notice.",National Science Foundation,"[{""raw_name"": ""NATIONAL SCIENCE FOUNDATION"", ""name"": ""National Science Foundation"", ""id"": 366, ""url"": ""https://www.federalregister.gov/agencies/national-science-foundation"", ""json_url"": ""https://www.federalregister.gov/api/v1/agencies/366"", ""parent_id"": null, ""slug"": ""national-science-foundation""}]",https://www.federalregister.gov/documents/2026/03/31/2026-06210/agency-information-collection-activities-comment-request-nsf-small-business-innovation-research-sbir,https://www.govinfo.gov/content/pkg/FR-2026-03-31/pdf/2026-06210.pdf,https://public-inspection.federalregister.gov/2026-06210.pdf?1774874718,federal_register,"Agency Information Collection Activities: Comment Request; NSF Small Business Innovation Research (SBIR) Program Phase I, NSF Small Business Technology Transfer (STTR) Program Phase I, and NSF SBIR/STTR Fast-Track Pilot Pre-Submission Project Pitch Form The National Science Foundation (NSF) has submitted the following information collection requirement to OMB for review and clearance under the Paperwork Reduction Act of 1995. This is the second notice for public comment; the first was published in the Federal Register, and no comments were received. NSF is forwarding the proposed submission to the Office of Management and Budget (OMB) for clearance simultaneously with the publication of this second notice.",True,253,461,1,Notice,[],[],1,0,1,0,2,,,,,
2026-06160,Notice of Open Meeting,Notice,2026-03-31,"In accordance with the requirements of the Federal Advisory Committee Act, the Millennium Challenge Corporation (MCC) Advisory Council was established as a discretionary advisory committee on July 14, 2016. Its charter was most recently renewed for a fourth term on July 2, 2024. The MCC Advisory Council serves MCC solely in an advisory capacity and provides insight regarding innovations in infrastructure, technology, and sustainability; perceived risks and opportunities in MCC partner countries; new financing mechanisms for developing country contexts; and shared value approaches. The MCC Advisory Council provides a platform for systematic engagement with the private sector and other external stakeholders and contributes to MCC's mission--to advance America's economic and strategic interests through results focused foreign assistance.",Millennium Challenge Corporation,"[{""raw_name"": ""Millennium Challenge Corporation"", ""name"": ""Millennium Challenge Corporation"", ""id"": 287, ""url"": ""https://www.federalregister.gov/agencies/millennium-challenge-corporation"", ""json_url"": ""https://www.federalregister.gov/api/v1/agencies/287"", ""parent_id"": null, ""slug"": ""millennium-challenge-corporation""}]",https://www.federalregister.gov/documents/2026/03/31/2026-06160/notice-of-open-meeting,https://www.govinfo.gov/content/pkg/FR-2026-03-31/pdf/2026-06160.pdf,https://public-inspection.federalregister.gov/2026-06160.pdf?1774874713,federal_register,"Notice of Open Meeting In accordance with the requirements of the Federal Advisory Committee Act, the Millennium Challenge Corporation (MCC) Advisory Council was established as a discretionary advisory committee on July 14, 2016. Its charter was most recently renewed for a fourth term on July 2, 2024. The MCC Advisory Council serves MCC solely in an advisory capacity and provides insight regarding innovations in infrastructure, technology, and sustainability; perceived risks and opportunities in MCC partner countries; new financing mechanisms for developing country contexts; and shared value approaches. The MCC Advisory Council provides a platform for systematic engagement with the private sector and other external stakeholders and contributes to MCC's mission--to advance America's economic and strategic interests through results focused foreign assistance.",True,22,846,1,Notice,[],[],1,0,2,0,3,,,,,
2026-06206,Notice Debarment; Federal E-Rate Program,Notice,2026-03-31,"The Enforcement Bureau (the ""Bureau"") debars Simon Goldbrener from the federal schools and libraries universal service support mechanism (E-Rate program) and all federal universal service support mechanisms for three years.",Federal Communications Commission,"[{""raw_name"": ""FEDERAL COMMUNICATIONS COMMISSION"", ""name"": ""Federal Communications Commission"", ""id"": 161, ""url"": ""https://www.federalregister.gov/agencies/federal-communications-commission"", ""json_url"": ""https://www.federalregister.gov/api/v1/agencies/161"", ""parent_id"": null, ""slug"": ""federal-communications-commission""}]",https://www.federalregister.gov/documents/2026/03/31/2026-06206/notice-debarment-federal-e-rate-program,https://www.govinfo.gov/content/pkg/FR-2026-03-31/pdf/2026-06206.pdf,https://public-inspection.federalregister.gov/2026-06206.pdf?1774874718,federal_register,"Notice Debarment; Federal E-Rate Program The Enforcement Bureau (the ""Bureau"") debars Simon Goldbrener from the federal schools and libraries universal service support mechanism (E-Rate program) and all federal universal service support mechanisms for three years.",True,40,223,1,Notice,[],[],1,0,1,0,2,,,,,
2026-06178,Fiduciary Duties in Selecting Designated Investment Alternatives,Proposed Rule,2026-03-31,"This document contains a proposed regulation that clarifies, and provides a safe harbor for, a fiduciary's duty of prudence under the Employee Retirement Income Security Act of 1974 (ERISA) in connection with selecting designated investment alternatives for a participant-directed individual account plan, including asset allocation funds that include alternative assets. This proposal implements section 3(c) of President Trump's Executive Order 14330, Democratizing Access to Alternative Assets for 401(k) Investors.","Labor Department, Employee Benefits Security Administration","[{""raw_name"": ""DEPARTMENT OF LABOR"", ""name"": ""Labor Department"", ""id"": 271, ""url"": ""https://www.federalregister.gov/agencies/labor-department"", ""json_url"": ""https://www.federalregister.gov/api/v1/agencies/271"", ""parent_id"": null, ""slug"": ""labor-department""}, {""raw_name"": ""Employee Benefits Security Administration"", ""name"": ""Employee Benefits Security Administration"", ""id"": 131, ""url"": ""https://www.federalregister.gov/agencies/employee-benefits-security-administration"", ""json_url"": ""https://www.federalregister.gov/api/v1/agencies/131"", ""parent_id"": 271, ""slug"": ""employee-benefits-security-administration""}]",https://www.federalregister.gov/documents/2026/03/31/2026-06178/fiduciary-duties-in-selecting-designated-investment-alternatives,https://www.govinfo.gov/content/pkg/FR-2026-03-31/pdf/2026-06178.pdf,https://public-inspection.federalregister.gov/2026-06178.pdf?1774901707,federal_register,"Fiduciary Duties in Selecting Designated Investment Alternatives This document contains a proposed regulation that clarifies, and provides a safe harbor for, a fiduciary's duty of prudence under the Employee Retirement Income Security Act of 1974 (ERISA) in connection with selecting designated investment alternatives for a participant-directed individual account plan, including asset allocation funds that include alternative assets. This proposal implements section 3(c) of President Trump's Executive Order 14330, Democratizing Access to Alternative Assets for 401(k) Investors.",True,64,518,2,Proposed Rule,['finance'],[],2,2,2,0,6,,,,,
2026-06177,Energy Conservation Program: Energy Conservation Standards for Fluorescent Lamp Ballasts,Proposed Rule,2026-03-31,"The Energy Policy and Conservation Act, as amended (""EPCA""), prescribes energy conservation standards for various consumer products and certain commercial and industrial equipment, including fluorescent lamp ballasts (""FLBs""). EPCA also requires the U.S. Department of Energy (""DOE"") to periodically review its existing standards to determine whether more-stringent standards would be technologically feasible and economically justified, and would result in significant energy savings. In this notification of proposed determination (""NOPD""), DOE has initially determined that amended energy conservation standards for fluorescent lamp ballasts would not be cost- effective, and therefore, DOE has tentatively determined that energy conservation standards for FLBs should not be amended. DOE requests comment on this proposed determination and the associated analyses and results.",Energy Department,"[{""raw_name"": ""DEPARTMENT OF ENERGY"", ""name"": ""Energy Department"", ""id"": 136, ""url"": ""https://www.federalregister.gov/agencies/energy-department"", ""json_url"": ""https://www.federalregister.gov/api/v1/agencies/136"", ""parent_id"": null, ""slug"": ""energy-department""}]",https://www.federalregister.gov/documents/2026/03/31/2026-06177/energy-conservation-program-energy-conservation-standards-for-fluorescent-lamp-ballasts,https://www.govinfo.gov/content/pkg/FR-2026-03-31/pdf/2026-06177.pdf,https://public-inspection.federalregister.gov/2026-06177.pdf?1774874715,federal_register,"Energy Conservation Program: Energy Conservation Standards for Fluorescent Lamp Ballasts The Energy Policy and Conservation Act, as amended (""EPCA""), prescribes energy conservation standards for various consumer products and certain commercial and industrial equipment, including fluorescent lamp ballasts (""FLBs""). EPCA also requires the U.S. Department of Energy (""DOE"") to periodically review its existing standards to determine whether more-stringent standards would be technologically feasible and economically justified, and would result in significant energy savings. In this notification of proposed determination (""NOPD""), DOE has initially determined that amended energy conservation standards for fluorescent lamp ballasts would not be cost- effective, and therefore, DOE has tentatively determined that energy conservation standards for FLBs should not be amended. DOE requests comment on this proposed determination and the associated analyses and results.",True,88,880,1,Proposed Rule,"['energy', 'environment']",[],2,4,2,0,8,,,,,
2026-06151,"Self-Regulatory Organizations; Cboe EDGX Exchange, Inc.; Notice of Filing and Immediate Effectiveness of a Proposed Rule Change To Introduce an Exchange Clock Service",Notice,2026-03-31,,Securities and Exchange Commission,"[{""raw_name"": ""SECURITIES AND EXCHANGE COMMISSION"", ""name"": ""Securities and Exchange Commission"", ""id"": 466, ""url"": ""https://www.federalregister.gov/agencies/securities-and-exchange-commission"", ""json_url"": ""https://www.federalregister.gov/api/v1/agencies/466"", ""parent_id"": null, ""slug"": ""securities-and-exchange-commission""}]",https://www.federalregister.gov/documents/2026/03/31/2026-06151/self-regulatory-organizations-cboe-edgx-exchange-inc-notice-of-filing-and-immediate-effectiveness-of,https://www.govinfo.gov/content/pkg/FR-2026-03-31/pdf/2026-06151.pdf,https://public-inspection.federalregister.gov/2026-06151.pdf?1774874712,federal_register,"Self-Regulatory Organizations; Cboe EDGX Exchange, Inc.; Notice of Filing and Immediate Effectiveness of a Proposed Rule Change To Introduce an Exchange Clock Service ",False,166,0,1,Notice,[],[],1,0,0,0,1,,,,,
2026-06204,Commission Information Collection Activities (FERC-725Z) Comment Request; Extension,Notice,2026-03-31,"In compliance with the requirements of the Paperwork Reduction Act of 1995, the Federal Energy Regulatory Commission (Commission or FERC) is soliciting public comments on the currently approved information collection, FERC-725Z (Mandatory Reliability Standards: IRO Reliability Standards). There are no changes to the reporting requirements with this information collection. No comments were received on the 60-day notice that ended on March 16, 2026.","Energy Department, Federal Energy Regulatory Commission","[{""raw_name"": ""DEPARTMENT OF ENERGY"", ""name"": ""Energy Department"", ""id"": 136, ""url"": ""https://www.federalregister.gov/agencies/energy-department"", ""json_url"": ""https://www.federalregister.gov/api/v1/agencies/136"", ""parent_id"": null, ""slug"": ""energy-department""}, {""raw_name"": ""Federal Energy Regulatory Commission"", ""name"": ""Federal Energy Regulatory Commission"", ""id"": 167, ""url"": ""https://www.federalregister.gov/agencies/federal-energy-regulatory-commission"", ""json_url"": ""https://www.federalregister.gov/api/v1/agencies/167"", ""parent_id"": 136, ""slug"": ""federal-energy-regulatory-commission""}]",https://www.federalregister.gov/documents/2026/03/31/2026-06204/commission-information-collection-activities-ferc-725z-comment-request-extension,https://www.govinfo.gov/content/pkg/FR-2026-03-31/pdf/2026-06204.pdf,https://public-inspection.federalregister.gov/2026-06204.pdf?1774874717,federal_register,"Commission Information Collection Activities (FERC-725Z) Comment Request; Extension In compliance with the requirements of the Paperwork Reduction Act of 1995, the Federal Energy Regulatory Commission (Commission or FERC) is soliciting public comments on the currently approved information collection, FERC-725Z (Mandatory Reliability Standards: IRO Reliability Standards). There are no changes to the reporting requirements with this information collection. No comments were received on the 60-day notice that ended on March 16, 2026.",True,83,451,2,Notice,"['energy', 'housing']",[],1,5,1,0,7,,,,,
2026-06145,Securities Investor Protection Corporation; Order Approving the Determination of the Board of Directors of the Securities Investor Protection Corporation Not To Adjust for Inflation the Standard Maximum Cash Advance Amount and Notice of the Standard Maximum Cash Advance Amount,Notice,2026-03-31,,Securities and Exchange Commission,"[{""raw_name"": ""SECURITIES AND EXCHANGE COMMISSION"", ""name"": ""Securities and Exchange Commission"", ""id"": 466, ""url"": ""https://www.federalregister.gov/agencies/securities-and-exchange-commission"", ""json_url"": ""https://www.federalregister.gov/api/v1/agencies/466"", ""parent_id"": null, ""slug"": ""securities-and-exchange-commission""}]",https://www.federalregister.gov/documents/2026/03/31/2026-06145/securities-investor-protection-corporation-order-approving-the-determination-of-the-board-of,https://www.govinfo.gov/content/pkg/FR-2026-03-31/pdf/2026-06145.pdf,https://public-inspection.federalregister.gov/2026-06145.pdf?1774874711,federal_register,Securities Investor Protection Corporation; Order Approving the Determination of the Board of Directors of the Securities Investor Protection Corporation Not To Adjust for Inflation the Standard Maximum Cash Advance Amount and Notice of the Standard Maximum Cash Advance Amount ,False,277,0,1,Notice,['finance'],[],1,2,0,0,3,,,,,
2026-06149,Self-Regulatory Organizations; Texas Stock Exchange LLC; Notice of Filing and Immediate Effectiveness of a Proposed Rule Change To Implement a Warrant Performance Incentive Program,Notice,2026-03-31,,Securities and Exchange Commission,"[{""raw_name"": ""SECURITIES AND EXCHANGE COMMISSION"", ""name"": ""Securities and Exchange Commission"", ""id"": 466, ""url"": ""https://www.federalregister.gov/agencies/securities-and-exchange-commission"", ""json_url"": ""https://www.federalregister.gov/api/v1/agencies/466"", ""parent_id"": null, ""slug"": ""securities-and-exchange-commission""}]",https://www.federalregister.gov/documents/2026/03/31/2026-06149/self-regulatory-organizations-texas-stock-exchange-llc-notice-of-filing-and-immediate-effectiveness,https://www.govinfo.gov/content/pkg/FR-2026-03-31/pdf/2026-06149.pdf,https://public-inspection.federalregister.gov/2026-06149.pdf?1774874711,federal_register,Self-Regulatory Organizations; Texas Stock Exchange LLC; Notice of Filing and Immediate Effectiveness of a Proposed Rule Change To Implement a Warrant Performance Incentive Program ,False,180,0,1,Notice,[],['TX'],1,0,0,1,2,,,,,
2026-06203,"Commission Information Collection Activities (FERC-552, FERC-549E); Consolidated Comment Request; Extension",Notice,2026-03-31,"In compliance with the requirements of the Paperwork Reduction Act of 1995, 44 U.S.C. 3506(c)(2)(A), the Federal Energy Regulatory Commission (Commission or FERC) is soliciting public comment on the currently approved information collections, FERC-552, Annual Report of Natural Gas Transactions, and FERC-549E, Price Index Data Providers and Developers. There is no change to the information collection requirements for FERC-552 or FERC-549E. The Commission received one comment on the 60-day notice.","Energy Department, Federal Energy Regulatory Commission","[{""raw_name"": ""DEPARTMENT OF ENERGY"", ""name"": ""Energy Department"", ""id"": 136, ""url"": ""https://www.federalregister.gov/agencies/energy-department"", ""json_url"": ""https://www.federalregister.gov/api/v1/agencies/136"", ""parent_id"": null, ""slug"": ""energy-department""}, {""raw_name"": ""Federal Energy Regulatory Commission"", ""name"": ""Federal Energy Regulatory Commission"", ""id"": 167, ""url"": ""https://www.federalregister.gov/agencies/federal-energy-regulatory-commission"", ""json_url"": ""https://www.federalregister.gov/api/v1/agencies/167"", ""parent_id"": 136, ""slug"": ""federal-energy-regulatory-commission""}]",https://www.federalregister.gov/documents/2026/03/31/2026-06203/commission-information-collection-activities-ferc-552-ferc-549e-consolidated-comment-request,https://www.govinfo.gov/content/pkg/FR-2026-03-31/pdf/2026-06203.pdf,https://public-inspection.federalregister.gov/2026-06203.pdf?1774874717,federal_register,"Commission Information Collection Activities (FERC-552, FERC-549E); Consolidated Comment Request; Extension In compliance with the requirements of the Paperwork Reduction Act of 1995, 44 U.S.C. 3506(c)(2)(A), the Federal Energy Regulatory Commission (Commission or FERC) is soliciting public comment on the currently approved information collections, FERC-552, Annual Report of Natural Gas Transactions, and FERC-549E, Price Index Data Providers and Developers. There is no change to the information collection requirements for FERC-552 or FERC-549E. The Commission received one comment on the 60-day notice.",True,107,500,2,Notice,"['energy', 'housing']",[],1,5,2,0,8,,,,,
2026-06196,General Reclamation Requirements,Rule,2026-03-31,"The Office of Surface Mining Reclamation and Enforcement (OSM) is confirming the effective date of March 30, 2026, for the direct final rule entitled, ""General Reclamation Requirements,"" which was published in the Federal Register on November 28, 2025. The direct final rule revised the Federal regulations to rescind obsolete language requiring compliance with the regulations when funding reclamation projects with prior balance replacement funds, which are moneys from the United States Treasury's General Fund that replaced State or Tribal share funds that were allocated before October 1, 2007, but were never appropriated by Congress. During the comment period, OSM received comments that required further review and consideration to determine whether the comments warranted a response, or the withdrawal or modification of the final rule. After further review and consideration, OSM determined that these comments were not significant adverse comments and is confirming the effective date.","Interior Department, Surface Mining Reclamation and Enforcement Office","[{""raw_name"": ""DEPARTMENT OF THE INTERIOR"", ""name"": ""Interior Department"", ""id"": 253, ""url"": ""https://www.federalregister.gov/agencies/interior-department"", ""json_url"": ""https://www.federalregister.gov/api/v1/agencies/253"", ""parent_id"": null, ""slug"": ""interior-department""}, {""raw_name"": ""Office of Surface Mining Reclamation and Enforcement"", ""name"": ""Surface Mining Reclamation and Enforcement Office"", ""id"": 480, ""url"": ""https://www.federalregister.gov/agencies/surface-mining-reclamation-and-enforcement-office"", ""json_url"": ""https://www.federalregister.gov/api/v1/agencies/480"", ""parent_id"": 253, ""slug"": ""surface-mining-reclamation-and-enforcement-office""}]",https://www.federalregister.gov/documents/2026/03/31/2026-06196/general-reclamation-requirements,https://www.govinfo.gov/content/pkg/FR-2026-03-31/pdf/2026-06196.pdf,https://public-inspection.federalregister.gov/2026-06196.pdf?1774874716,federal_register,"General Reclamation Requirements The Office of Surface Mining Reclamation and Enforcement (OSM) is confirming the effective date of March 30, 2026, for the direct final rule entitled, ""General Reclamation Requirements,"" which was published in the Federal Register on November 28, 2025. The direct final rule revised the Federal regulations to rescind obsolete language requiring compliance with the regulations when funding reclamation projects with prior balance replacement funds, which are moneys from the United States Treasury's General Fund that replaced State or Tribal share funds that were allocated before October 1, 2007, but were never appropriated by Congress. During the comment period, OSM received comments that required further review and consideration to determine whether the comments warranted a response, or the withdrawal or modification of the final rule. After further review and consideration, OSM determined that these comments were not significant adverse comments and is confirming the effective date.",True,32,996,2,Rule,[],[],3,0,2,0,5,,,,,
2026-06197,Backfilling and Grading,Rule,2026-03-31,"The Office of Surface Mining Reclamation and Enforcement (OSM) is confirming the effective date of the direct final rule entitled, ""Backfilling and Grading,"" which was originally published on November 28, 2025. The direct final rule rescinded a regulation that prescribed time and distance performance standards for the completion of rough backfilling and grading for surface mining operations that were suspended by the Secretary of the Interior in 1992 but never removed from the Code of Federal Regulations. During the comment period, OSM received two comments that required further review and consideration to determine whether the comments warranted a response or the withdrawal or modification of the final rule. After further review and consideration, OSM determined that these comments were not significant adverse comments and is confirming the effective date of this rule.","Interior Department, Surface Mining Reclamation and Enforcement Office","[{""raw_name"": ""DEPARTMENT OF THE INTERIOR"", ""name"": ""Interior Department"", ""id"": 253, ""url"": ""https://www.federalregister.gov/agencies/interior-department"", ""json_url"": ""https://www.federalregister.gov/api/v1/agencies/253"", ""parent_id"": null, ""slug"": ""interior-department""}, {""raw_name"": ""Office of Surface Mining Reclamation and Enforcement"", ""name"": ""Surface Mining Reclamation and Enforcement Office"", ""id"": 480, ""url"": ""https://www.federalregister.gov/agencies/surface-mining-reclamation-and-enforcement-office"", ""json_url"": ""https://www.federalregister.gov/api/v1/agencies/480"", ""parent_id"": 253, ""slug"": ""surface-mining-reclamation-and-enforcement-office""}]",https://www.federalregister.gov/documents/2026/03/31/2026-06197/backfilling-and-grading,https://www.govinfo.gov/content/pkg/FR-2026-03-31/pdf/2026-06197.pdf,https://public-inspection.federalregister.gov/2026-06197.pdf?1774874716,federal_register,"Backfilling and Grading The Office of Surface Mining Reclamation and Enforcement (OSM) is confirming the effective date of the direct final rule entitled, ""Backfilling and Grading,"" which was originally published on November 28, 2025. The direct final rule rescinded a regulation that prescribed time and distance performance standards for the completion of rough backfilling and grading for surface mining operations that were suspended by the Secretary of the Interior in 1992 but never removed from the Code of Federal Regulations. During the comment period, OSM received two comments that required further review and consideration to determine whether the comments warranted a response or the withdrawal or modification of the final rule. After further review and consideration, OSM determined that these comments were not significant adverse comments and is confirming the effective date of this rule.",True,23,882,2,Rule,[],[],3,0,2,0,5,,,,,
2026-06167,Agency Information Collection Activities: USDA Professional Standards Trainings and Tracker Tool (PSTTT),Notice,2026-03-31,"In accordance with the Paperwork Reduction Act of 1995, this notice invites the general public and other public agencies to comment on this proposed information collection. This collection is an extension, without change, of a currently approved collection for assisting State agencies and school nutrition professionals in searching for trainings, recording, tracking, and managing the required training hours for State and local school district nutrition professionals, in four major areas (nutrition, operations, administration, and communications and marketing), to meet the requirements of the Healthy Hunger Free Kids Act (HHFKA) of 2010 Professional Standards Rule.","Agriculture Department, Food and Nutrition Service","[{""raw_name"": ""DEPARTMENT OF AGRICULTURE"", ""name"": ""Agriculture Department"", ""id"": 12, ""url"": ""https://www.federalregister.gov/agencies/agriculture-department"", ""json_url"": ""https://www.federalregister.gov/api/v1/agencies/12"", ""parent_id"": null, ""slug"": ""agriculture-department""}, {""raw_name"": ""Food and Nutrition Service"", ""name"": ""Food and Nutrition Service"", ""id"": 200, ""url"": ""https://www.federalregister.gov/agencies/food-and-nutrition-service"", ""json_url"": ""https://www.federalregister.gov/api/v1/agencies/200"", ""parent_id"": 12, ""slug"": ""food-and-nutrition-service""}]",https://www.federalregister.gov/documents/2026/03/31/2026-06167/agency-information-collection-activities-usda-professional-standards-trainings-and-tracker-tool,https://www.govinfo.gov/content/pkg/FR-2026-03-31/pdf/2026-06167.pdf,https://public-inspection.federalregister.gov/2026-06167.pdf?1774874713,federal_register,"Agency Information Collection Activities: USDA Professional Standards Trainings and Tracker Tool (PSTTT) In accordance with the Paperwork Reduction Act of 1995, this notice invites the general public and other public agencies to comment on this proposed information collection. This collection is an extension, without change, of a currently approved collection for assisting State agencies and school nutrition professionals in searching for trainings, recording, tracking, and managing the required training hours for State and local school district nutrition professionals, in four major areas (nutrition, operations, administration, and communications and marketing), to meet the requirements of the Healthy Hunger Free Kids Act (HHFKA) of 2010 Professional Standards Rule.",True,104,672,2,Notice,"['healthcare', 'housing']",[],1,4,2,0,7,,,,,
2026-06211,30-Day Notice of Proposed Information Collection: Request for Commodity Jurisdiction Determination,Notice,2026-03-31,"The Department of State has submitted the information collection described below to the Office of Management and Budget (OMB) for approval. In accordance with the Paperwork Reduction Act of 1995, we are requesting comments on this collection from all interested individuals and organizations. The purpose of this Notice is to allow 30 days for public comment.",State Department,"[{""raw_name"": ""DEPARTMENT OF STATE"", ""name"": ""State Department"", ""id"": 476, ""url"": ""https://www.federalregister.gov/agencies/state-department"", ""json_url"": ""https://www.federalregister.gov/api/v1/agencies/476"", ""parent_id"": null, ""slug"": ""state-department""}]",https://www.federalregister.gov/documents/2026/03/31/2026-06211/30-day-notice-of-proposed-information-collection-request-for-commodity-jurisdiction-determination,https://www.govinfo.gov/content/pkg/FR-2026-03-31/pdf/2026-06211.pdf,https://public-inspection.federalregister.gov/2026-06211.pdf?1774874718,federal_register,"30-Day Notice of Proposed Information Collection: Request for Commodity Jurisdiction Determination The Department of State has submitted the information collection described below to the Office of Management and Budget (OMB) for approval. In accordance with the Paperwork Reduction Act of 1995, we are requesting comments on this collection from all interested individuals and organizations. The purpose of this Notice is to allow 30 days for public comment.",True,98,359,1,Notice,['environment'],[],1,2,1,0,4,,,,,
2026-06185,Combined Notice of Filings #1,Notice,2026-03-31,,"Energy Department, Federal Energy Regulatory Commission","[{""raw_name"": ""DEPARTMENT OF ENERGY"", ""name"": ""Energy Department"", ""id"": 136, ""url"": ""https://www.federalregister.gov/agencies/energy-department"", ""json_url"": ""https://www.federalregister.gov/api/v1/agencies/136"", ""parent_id"": null, ""slug"": ""energy-department""}, {""raw_name"": ""Federal Energy Regulatory Commission"", ""name"": ""Federal Energy Regulatory Commission"", ""id"": 167, ""url"": ""https://www.federalregister.gov/agencies/federal-energy-regulatory-commission"", ""json_url"": ""https://www.federalregister.gov/api/v1/agencies/167"", ""parent_id"": 136, ""slug"": ""federal-energy-regulatory-commission""}]",https://www.federalregister.gov/documents/2026/03/31/2026-06185/combined-notice-of-filings-1,https://www.govinfo.gov/content/pkg/FR-2026-03-31/pdf/2026-06185.pdf,https://public-inspection.federalregister.gov/2026-06185.pdf?1774874715,federal_register,Combined Notice of Filings #1 ,False,29,0,2,Notice,[],[],1,0,0,0,1,,,,,
2026-06166,Information Collection; Commercial Use of the Woodsy Owl Symbol,Notice,2026-03-31,"In accordance with the Paperwork Reduction Act of 1995, the Forest Service (Agency) is seeking comments from all interested individuals and organizations on the renewal of a currently approved information collection, Commercial Use of the Woodsy Owl Symbol.","Agriculture Department, Forest Service","[{""raw_name"": ""DEPARTMENT OF AGRICULTURE"", ""name"": ""Agriculture Department"", ""id"": 12, ""url"": ""https://www.federalregister.gov/agencies/agriculture-department"", ""json_url"": ""https://www.federalregister.gov/api/v1/agencies/12"", ""parent_id"": null, ""slug"": ""agriculture-department""}, {""raw_name"": ""Forest Service"", ""name"": ""Forest Service"", ""id"": 209, ""url"": ""https://www.federalregister.gov/agencies/forest-service"", ""json_url"": ""https://www.federalregister.gov/api/v1/agencies/209"", ""parent_id"": 12, ""slug"": ""forest-service""}]",https://www.federalregister.gov/documents/2026/03/31/2026-06166/information-collection-commercial-use-of-the-woodsy-owl-symbol,https://www.govinfo.gov/content/pkg/FR-2026-03-31/pdf/2026-06166.pdf,https://public-inspection.federalregister.gov/2026-06166.pdf?1774874713,federal_register,"Information Collection; Commercial Use of the Woodsy Owl Symbol In accordance with the Paperwork Reduction Act of 1995, the Forest Service (Agency) is seeking comments from all interested individuals and organizations on the renewal of a currently approved information collection, Commercial Use of the Woodsy Owl Symbol.",True,63,257,2,Notice,['housing'],[],1,3,1,0,5,,,,,
2026-06201,"FirstLight CT Housatonic LLC; Notice of Application To Update Shoreline Management Plan Accepted for Filing, Soliciting Comments, Motions To Intervene, and Protests",Notice,2026-03-31,,"Energy Department, Federal Energy Regulatory Commission","[{""raw_name"": ""DEPARTMENT OF ENERGY"", ""name"": ""Energy Department"", ""id"": 136, ""url"": ""https://www.federalregister.gov/agencies/energy-department"", ""json_url"": ""https://www.federalregister.gov/api/v1/agencies/136"", ""parent_id"": null, ""slug"": ""energy-department""}, {""raw_name"": ""Federal Energy Regulatory Commission"", ""name"": ""Federal Energy Regulatory Commission"", ""id"": 167, ""url"": ""https://www.federalregister.gov/agencies/federal-energy-regulatory-commission"", ""json_url"": ""https://www.federalregister.gov/api/v1/agencies/167"", ""parent_id"": 136, ""slug"": ""federal-energy-regulatory-commission""}]",https://www.federalregister.gov/documents/2026/03/31/2026-06201/firstlight-ct-housatonic-llc-notice-of-application-to-update-shoreline-management-plan-accepted-for,https://www.govinfo.gov/content/pkg/FR-2026-03-31/pdf/2026-06201.pdf,https://public-inspection.federalregister.gov/2026-06201.pdf?1774874717,federal_register,"FirstLight CT Housatonic LLC; Notice of Application To Update Shoreline Management Plan Accepted for Filing, Soliciting Comments, Motions To Intervene, and Protests ",False,164,0,2,Notice,[],['CT'],1,0,0,1,2,,,,,
2026-06198,Notice of Petition for Special Approval of Alternative Standard,Notice,2026-03-31,This document provides the public notice that IS Technology Solutions (IS Tech) petitioned FRA for special approval of an alternative standard concerning single car air brake tests.,"Transportation Department, Federal Railroad Administration","[{""raw_name"": ""DEPARTMENT OF TRANSPORTATION"", ""name"": ""Transportation Department"", ""id"": 492, ""url"": ""https://www.federalregister.gov/agencies/transportation-department"", ""json_url"": ""https://www.federalregister.gov/api/v1/agencies/492"", ""parent_id"": null, ""slug"": ""transportation-department""}, {""raw_name"": ""Federal Railroad Administration"", ""name"": ""Federal Railroad Administration"", ""id"": 185, ""url"": ""https://www.federalregister.gov/agencies/federal-railroad-administration"", ""json_url"": ""https://www.federalregister.gov/api/v1/agencies/185"", ""parent_id"": 492, ""slug"": ""federal-railroad-administration""}]",https://www.federalregister.gov/documents/2026/03/31/2026-06198/notice-of-petition-for-special-approval-of-alternative-standard,https://www.govinfo.gov/content/pkg/FR-2026-03-31/pdf/2026-06198.pdf,https://public-inspection.federalregister.gov/2026-06198.pdf?1774874717,federal_register,Notice of Petition for Special Approval of Alternative Standard This document provides the public notice that IS Technology Solutions (IS Tech) petitioned FRA for special approval of an alternative standard concerning single car air brake tests.,True,63,181,2,Notice,[],[],1,0,1,0,2,,,,,
2026-06207,Publication of 2026 Tariff-Rate Quota Quantitative Limits Under the United States-Australia Free Trade Agreement,Notice,2026-03-31,"In accordance with the United States-Australia Free Trade Agreement entered into by the United States and the Commonwealth of Australia, the Office of the United States Trade Representative is providing notice of tariff-rate quota quantitative limits of certain tariff subheadings for calendar year 2026.","Trade Representative, Office of United States","[{""raw_name"": ""OFFICE OF THE UNITED STATES TRADE REPRESENTATIVE"", ""name"": ""Trade Representative, Office of United States"", ""id"": 491, ""url"": ""https://www.federalregister.gov/agencies/trade-representative-office-of-united-states"", ""json_url"": ""https://www.federalregister.gov/api/v1/agencies/491"", ""parent_id"": null, ""slug"": ""trade-representative-office-of-united-states""}]",https://www.federalregister.gov/documents/2026/03/31/2026-06207/publication-of-2026-tariff-rate-quota-quantitative-limits-under-the-united-states-australia-free,https://www.govinfo.gov/content/pkg/FR-2026-03-31/pdf/2026-06207.pdf,https://public-inspection.federalregister.gov/2026-06207.pdf?1774874718,federal_register,"Publication of 2026 Tariff-Rate Quota Quantitative Limits Under the United States-Australia Free Trade Agreement In accordance with the United States-Australia Free Trade Agreement entered into by the United States and the Commonwealth of Australia, the Office of the United States Trade Representative is providing notice of tariff-rate quota quantitative limits of certain tariff subheadings for calendar year 2026.",True,112,304,2,Notice,[],[],1,0,1,0,2,,,,,
2026-06190,Regulatory Issue Summary: Applicability of Requirements During the Movement of Radioactive Material Within a Temporary Jobsite,Notice,2026-03-31,Applicability of Requirements During the Movement of Radioactive Material Within a Temporary Jobsite,Nuclear Regulatory Commission,"[{""raw_name"": ""NUCLEAR REGULATORY COMMISSION"", ""name"": ""Nuclear Regulatory Commission"", ""id"": 383, ""url"": ""https://www.federalregister.gov/agencies/nuclear-regulatory-commission"", ""json_url"": ""https://www.federalregister.gov/api/v1/agencies/383"", ""parent_id"": null, ""slug"": ""nuclear-regulatory-commission""}]",https://www.federalregister.gov/documents/2026/03/31/2026-06190/regulatory-issue-summary-applicability-of-requirements-during-the-movement-of-radioactive-material,https://www.govinfo.gov/content/pkg/FR-2026-03-31/pdf/2026-06190.pdf,https://public-inspection.federalregister.gov/2026-06190.pdf?1774874716,federal_register,Regulatory Issue Summary: Applicability of Requirements During the Movement of Radioactive Material Within a Temporary Jobsite Applicability of Requirements During the Movement of Radioactive Material Within a Temporary Jobsite,True,126,100,1,Notice,[],[],1,0,0,0,1,,,,,
2026-06228,Notice of Open Public Hearing,Notice,2026-03-31,"Notice is hereby given of the following hearing of the U.S.- China Economic and Security Review Commission. The Commission is mandated by Congress to investigate, assess, and report to Congress annually on ""the national security implications of the economic relationship between the United States and the People's Republic of China."" Pursuant to this mandate, the Commission will hold a public hearing in Washington, DC on April 16, 2026 on ""Pricing the Future: China's Ambitions for Commodities Derivative Markets.""",U.S.-China Economic and Security Review Commission,"[{""raw_name"": ""U.S.-CHINA ECONOMIC AND SECURITY REVIEW COMMISSION"", ""name"": ""U.S.-China Economic and Security Review Commission"", ""id"": 505, ""url"": ""https://www.federalregister.gov/agencies/u-s-china-economic-and-security-review-commission"", ""json_url"": ""https://www.federalregister.gov/api/v1/agencies/505"", ""parent_id"": null, ""slug"": ""u-s-china-economic-and-security-review-commission""}]",https://www.federalregister.gov/documents/2026/03/31/2026-06228/notice-of-open-public-hearing,https://www.govinfo.gov/content/pkg/FR-2026-03-31/pdf/2026-06228.pdf,https://public-inspection.federalregister.gov/2026-06228.pdf?1774874720,federal_register,"Notice of Open Public Hearing Notice is hereby given of the following hearing of the U.S.- China Economic and Security Review Commission. The Commission is mandated by Congress to investigate, assess, and report to Congress annually on ""the national security implications of the economic relationship between the United States and the People's Republic of China."" Pursuant to this mandate, the Commission will hold a public hearing in Washington, DC on April 16, 2026 on ""Pricing the Future: China's Ambitions for Commodities Derivative Markets.""",True,29,516,1,Notice,[],['WA'],1,0,2,1,4,,,,,
2026-06136,Agency Information Collection Activities; Proposed Collection; Comment Request; Extension: Rule 103,Notice,2026-03-31,,Securities and Exchange Commission,"[{""raw_name"": ""SECURITIES AND EXCHANGE COMMISSION"", ""name"": ""Securities and Exchange Commission"", ""id"": 466, ""url"": ""https://www.federalregister.gov/agencies/securities-and-exchange-commission"", ""json_url"": ""https://www.federalregister.gov/api/v1/agencies/466"", ""parent_id"": null, ""slug"": ""securities-and-exchange-commission""}]",https://www.federalregister.gov/documents/2026/03/31/2026-06136/agency-information-collection-activities-proposed-collection-comment-request-extension-rule-103,https://www.govinfo.gov/content/pkg/FR-2026-03-31/pdf/2026-06136.pdf,https://public-inspection.federalregister.gov/2026-06136.pdf?1774874709,federal_register,Agency Information Collection Activities; Proposed Collection; Comment Request; Extension: Rule 103 ,False,99,0,1,Notice,[],[],1,0,0,0,1,,,,,
2026-06186,Combined Notice of Filings,Notice,2026-03-31,,"Energy Department, Federal Energy Regulatory Commission","[{""raw_name"": ""DEPARTMENT OF ENERGY"", ""name"": ""Energy Department"", ""id"": 136, ""url"": ""https://www.federalregister.gov/agencies/energy-department"", ""json_url"": ""https://www.federalregister.gov/api/v1/agencies/136"", ""parent_id"": null, ""slug"": ""energy-department""}, {""raw_name"": ""Federal Energy Regulatory Commission"", ""name"": ""Federal Energy Regulatory Commission"", ""id"": 167, ""url"": ""https://www.federalregister.gov/agencies/federal-energy-regulatory-commission"", ""json_url"": ""https://www.federalregister.gov/api/v1/agencies/167"", ""parent_id"": 136, ""slug"": ""federal-energy-regulatory-commission""}]",https://www.federalregister.gov/documents/2026/03/31/2026-06186/combined-notice-of-filings,https://www.govinfo.gov/content/pkg/FR-2026-03-31/pdf/2026-06186.pdf,https://public-inspection.federalregister.gov/2026-06186.pdf?1774874715,federal_register,Combined Notice of Filings ,False,26,0,2,Notice,[],[],1,0,0,0,1,,,,,
2026-06181,Sunshine Act Meetings,Notice,2026-03-31,Public Meeting: U.S. Election Assistance Commission Standards Board 2026 Annual Meeting.,Election Assistance Commission,"[{""raw_name"": ""ELECTION ASSISTANCE COMMISSION"", ""name"": ""Election Assistance Commission"", ""id"": 127, ""url"": ""https://www.federalregister.gov/agencies/election-assistance-commission"", ""json_url"": ""https://www.federalregister.gov/api/v1/agencies/127"", ""parent_id"": null, ""slug"": ""election-assistance-commission""}]",https://www.federalregister.gov/documents/2026/03/31/2026-06181/sunshine-act-meetings,https://www.govinfo.gov/content/pkg/FR-2026-03-31/pdf/2026-06181.pdf,https://public-inspection.federalregister.gov/2026-06181.pdf?1774624515,federal_register,Sunshine Act Meetings Public Meeting: U.S. Election Assistance Commission Standards Board 2026 Annual Meeting.,True,21,88,1,Notice,[],[],1,0,0,0,1,,,,,
2026-06221,Submission for OMB Review; Comment Request,Notice,2026-03-31,The DoD has submitted to OMB for clearance the following proposal for collection of information under the provisions of the Paperwork Reduction Act.,"Defense Department, ","[{""raw_name"": ""DEPARTMENT OF DEFENSE"", ""name"": ""Defense Department"", ""id"": 103, ""url"": ""https://www.federalregister.gov/agencies/defense-department"", ""json_url"": ""https://www.federalregister.gov/api/v1/agencies/103"", ""parent_id"": null, ""slug"": ""defense-department""}, {""raw_name"": ""Office of the Secretary""}]",https://www.federalregister.gov/documents/2026/03/31/2026-06221/submission-for-omb-review-comment-request,https://www.govinfo.gov/content/pkg/FR-2026-03-31/pdf/2026-06221.pdf,https://public-inspection.federalregister.gov/2026-06221.pdf?1774874719,federal_register,Submission for OMB Review; Comment Request The DoD has submitted to OMB for clearance the following proposal for collection of information under the provisions of the Paperwork Reduction Act.,True,42,148,1,Notice,[],[],1,0,0,0,1,,,,,
2026-06216,Proposed Collection; Comment Request,Notice,2026-03-31,"In compliance with the Paperwork Reduction Act of 1995, the United States (U.S.) Army Claims Service announces a proposed public information collection and seeks public comment on the provisions thereof. Comments are invited on: whether the proposed collection of information is necessary for the proper performance of the functions of the agency, including whether the information shall have practical utility; the accuracy of the agency's estimate of the burden of the proposed information collection; ways to enhance the quality, utility, and clarity of the information to be collected; and ways to minimize the burden of the information collection on respondents, including through the use of automated collection techniques or other forms of information technology.","Defense Department, Army Department","[{""raw_name"": ""DEPARTMENT OF DEFENSE"", ""name"": ""Defense Department"", ""id"": 103, ""url"": ""https://www.federalregister.gov/agencies/defense-department"", ""json_url"": ""https://www.federalregister.gov/api/v1/agencies/103"", ""parent_id"": null, ""slug"": ""defense-department""}, {""raw_name"": ""Department of the Army"", ""name"": ""Army Department"", ""id"": 32, ""url"": ""https://www.federalregister.gov/agencies/army-department"", ""json_url"": ""https://www.federalregister.gov/api/v1/agencies/32"", ""parent_id"": 103, ""slug"": ""army-department""}]",https://www.federalregister.gov/documents/2026/03/31/2026-06216/proposed-collection-comment-request,https://www.govinfo.gov/content/pkg/FR-2026-03-31/pdf/2026-06216.pdf,https://public-inspection.federalregister.gov/2026-06216.pdf?1774874719,federal_register,"Proposed Collection; Comment Request In compliance with the Paperwork Reduction Act of 1995, the United States (U.S.) Army Claims Service announces a proposed public information collection and seeks public comment on the provisions thereof. Comments are invited on: whether the proposed collection of information is necessary for the proper performance of the functions of the agency, including whether the information shall have practical utility; the accuracy of the agency's estimate of the burden of the proposed information collection; ways to enhance the quality, utility, and clarity of the information to be collected; and ways to minimize the burden of the information collection on respondents, including through the use of automated collection techniques or other forms of information technology.",True,36,770,2,Notice,[],[],1,0,2,0,3,,,,,
2026-06148,"Self-Regulatory Organizations; Cboe EDGX Exchange, Inc.; Notice of Filing and Immediate Effectiveness of a Proposed Rule Change To Introduce an Exchange Clock Service",Notice,2026-03-31,,Securities and Exchange Commission,"[{""raw_name"": ""SECURITIES AND EXCHANGE COMMISSION"", ""name"": ""Securities and Exchange Commission"", ""id"": 466, ""url"": ""https://www.federalregister.gov/agencies/securities-and-exchange-commission"", ""json_url"": ""https://www.federalregister.gov/api/v1/agencies/466"", ""parent_id"": null, ""slug"": ""securities-and-exchange-commission""}]",https://www.federalregister.gov/documents/2026/03/31/2026-06148/self-regulatory-organizations-cboe-edgx-exchange-inc-notice-of-filing-and-immediate-effectiveness-of,https://www.govinfo.gov/content/pkg/FR-2026-03-31/pdf/2026-06148.pdf,https://public-inspection.federalregister.gov/2026-06148.pdf?1774874711,federal_register,"Self-Regulatory Organizations; Cboe EDGX Exchange, Inc.; Notice of Filing and Immediate Effectiveness of a Proposed Rule Change To Introduce an Exchange Clock Service ",False,166,0,1,Notice,[],[],1,0,0,0,1,,,,,
2026-06230,"Sunshine Act Meetings; Deletion of Item From March 26, 2026 Open Meeting",Notice,2026-03-31,"The Commission will consider a Report and Order to update rules for broadcast radio and television stations to reflect current application processing requirements, clarify and harmonize provisions, and remove references to outdated procedures and legacy filing systems. ------------------------------------------------------------------------",Federal Communications Commission,"[{""raw_name"": ""FEDERAL COMMUNICATIONS COMMISSION"", ""name"": ""Federal Communications Commission"", ""id"": 161, ""url"": ""https://www.federalregister.gov/agencies/federal-communications-commission"", ""json_url"": ""https://www.federalregister.gov/api/v1/agencies/161"", ""parent_id"": null, ""slug"": ""federal-communications-commission""}]",https://www.federalregister.gov/documents/2026/03/31/2026-06230/sunshine-act-meetings-deletion-of-item-from-march-26-2026-open-meeting,https://www.govinfo.gov/content/pkg/FR-2026-03-31/pdf/2026-06230.pdf,https://public-inspection.federalregister.gov/2026-06230.pdf?1774642512,federal_register,"Sunshine Act Meetings; Deletion of Item From March 26, 2026 Open Meeting The Commission will consider a Report and Order to update rules for broadcast radio and television stations to reflect current application processing requirements, clarify and harmonize provisions, and remove references to outdated procedures and legacy filing systems. ------------------------------------------------------------------------",True,72,342,1,Notice,['housing'],[],1,3,1,0,5,,,,,
2026-06187,Notice of Decision on a Hearing Request Regarding a Proposal To Refuse To Approve a New Drug Application for TRADIPITANT Capsules,Notice,2026-03-31,"The Food and Drug Administration (FDA) is announcing the availability of its decision on a request for a hearing regarding the proposal of FDA's Center for Drug Evaluation and Research (CDER) to refuse to approve a new drug application (NDA) 218489, submitted by Vanda Pharmaceuticals, Inc. (Vanda), for TRADIPITANT capsules (85 mg) with the proposed indication for ""the treatment of [symptoms of] or [nausea in] in gastroparesis"" (""symptoms of gastroparesis""). The decision is available in the docket identified by the number in brackets in the heading of this document.","Health and Human Services Department, Food and Drug Administration","[{""raw_name"": ""DEPARTMENT OF HEALTH AND HUMAN SERVICES"", ""name"": ""Health and Human Services Department"", ""id"": 221, ""url"": ""https://www.federalregister.gov/agencies/health-and-human-services-department"", ""json_url"": ""https://www.federalregister.gov/api/v1/agencies/221"", ""parent_id"": null, ""slug"": ""health-and-human-services-department""}, {""raw_name"": ""Food and Drug Administration"", ""name"": ""Food and Drug Administration"", ""id"": 199, ""url"": ""https://www.federalregister.gov/agencies/food-and-drug-administration"", ""json_url"": ""https://www.federalregister.gov/api/v1/agencies/199"", ""parent_id"": 221, ""slug"": ""food-and-drug-administration""}]",https://www.federalregister.gov/documents/2026/03/31/2026-06187/notice-of-decision-on-a-hearing-request-regarding-a-proposal-to-refuse-to-approve-a-new-drug,https://www.govinfo.gov/content/pkg/FR-2026-03-31/pdf/2026-06187.pdf,https://public-inspection.federalregister.gov/2026-06187.pdf?1774874715,federal_register,"Notice of Decision on a Hearing Request Regarding a Proposal To Refuse To Approve a New Drug Application for TRADIPITANT Capsules The Food and Drug Administration (FDA) is announcing the availability of its decision on a request for a hearing regarding the proposal of FDA's Center for Drug Evaluation and Research (CDER) to refuse to approve a new drug application (NDA) 218489, submitted by Vanda Pharmaceuticals, Inc. (Vanda), for TRADIPITANT capsules (85 mg) with the proposed indication for ""the treatment of [symptoms of] or [nausea in] in gastroparesis"" (""symptoms of gastroparesis""). The decision is available in the docket identified by the number in brackets in the heading of this document.",True,129,571,2,Notice,[],[],1,0,2,0,3,,,,,
2026-06152,"Self-Regulatory Organizations; Cboe BZX Exchange, Inc.; Notice of Filing and Immediate Effectiveness of a Proposed Rule Change To Amend Rule 11.22 To Introduce the Exchange's Clock Service",Notice,2026-03-31,,Securities and Exchange Commission,"[{""raw_name"": ""SECURITIES AND EXCHANGE COMMISSION"", ""name"": ""Securities and Exchange Commission"", ""id"": 466, ""url"": ""https://www.federalregister.gov/agencies/securities-and-exchange-commission"", ""json_url"": ""https://www.federalregister.gov/api/v1/agencies/466"", ""parent_id"": null, ""slug"": ""securities-and-exchange-commission""}]",https://www.federalregister.gov/documents/2026/03/31/2026-06152/self-regulatory-organizations-cboe-bzx-exchange-inc-notice-of-filing-and-immediate-effectiveness-of,https://www.govinfo.gov/content/pkg/FR-2026-03-31/pdf/2026-06152.pdf,https://public-inspection.federalregister.gov/2026-06152.pdf?1774874712,federal_register,"Self-Regulatory Organizations; Cboe BZX Exchange, Inc.; Notice of Filing and Immediate Effectiveness of a Proposed Rule Change To Amend Rule 11.22 To Introduce the Exchange's Clock Service ",False,188,0,1,Notice,[],[],1,0,0,0,1,,,,,
10,Expressing the sense of the Congress that the tax give away since 2001 to the wealthiest 5 percent of Americans should be repealed and those monies instead invested in vital programs to relieve the growing burden on the working poor and to alleviate poverty in America.,HCONRES,2024-02-07,Sponsor introductory remarks on measure. (CR H4200),,,https://api.congress.gov/v3/bill/110/hconres/10?format=json,,,congress_bills,Expressing the sense of the Congress that the tax give away since 2001 to the wealthiest 5 percent of Americans should be repealed and those monies instead invested in vital programs to relieve the growing burden on the working poor and to alleviate poverty in America. Sponsor introductory remarks on measure. (CR H4200),True,269,51,0,HCONRES,[],[],0,0,0,0,0,110.0,House,H,2007-04-26,Sponsor introductory remarks on measure. (CR H4200)
2,Expressing the sense of the Congress that children in the United States should understand and appreciate the contributions of individuals from the territories of the United States and the contributions of such individuals in United States history.,HCONRES,2026-03-24,Received in the Senate and referred to the Committee on Energy and Natural Resources.,,,https://api.congress.gov/v3/bill/110/hconres/2?format=json,,,congress_bills,Expressing the sense of the Congress that children in the United States should understand and appreciate the contributions of individuals from the territories of the United States and the contributions of such individuals in United States history. Received in the Senate and referred to the Committee on Energy and Natural Resources.,True,247,85,0,HCONRES,['energy'],[],0,2,0,0,2,110.0,House,H,2008-06-24,Received in the Senate and referred to the Committee on Energy and Natural Resources.
20,"Calling on the Government of the United Kingdom to immediately establish a full, independent, and public judicial inquiry into the murder of Northern Ireland defense attorney Patrick Finucane, as recommended by Judge Peter Cory as part of the Weston Park Agreement, in order to move forward on the Northern Ireland peace process.",HCONRES,2025-04-07,Message on Senate action sent to the House.,,,https://api.congress.gov/v3/bill/110/hconres/20?format=json,,,congress_bills,"Calling on the Government of the United Kingdom to immediately establish a full, independent, and public judicial inquiry into the murder of Northern Ireland defense attorney Patrick Finucane, as recommended by Judge Peter Cory as part of the Weston Park Agreement, in order to move forward on the Northern Ireland peace process. Message on Senate action sent to the House.",True,329,43,0,HCONRES,[],[],0,0,0,0,0,110.0,House,H,2007-03-19,Message on Senate action sent to the House.
12,Requiring the display of the Ten Commandments in the United States Capitol.,HCONRES,2024-02-07,Sponsor introductory remarks on measure. (CR E22-23),,,https://api.congress.gov/v3/bill/110/hconres/12?format=json,,,congress_bills,Requiring the display of the Ten Commandments in the United States Capitol. Sponsor introductory remarks on measure. (CR E22-23),True,75,52,0,HCONRES,[],[],0,0,0,0,0,110.0,House,H,2007-01-05,Sponsor introductory remarks on measure. (CR E22-23)
22,Expressing the sense of Congress that the President should provide notice of withdrawal of the United States from the North American Free Trade Agreement (NAFTA).,HCONRES,2024-02-07,Referred to the Subcommittee on Trade.,,,https://api.congress.gov/v3/bill/110/hconres/22?format=json,,,congress_bills,Expressing the sense of Congress that the President should provide notice of withdrawal of the United States from the North American Free Trade Agreement (NAFTA). Referred to the Subcommittee on Trade.,True,162,38,0,HCONRES,[],[],0,0,0,0,0,110.0,House,H,2007-01-11,Referred to the Subcommittee on Trade.
30,"Raising awareness and encouraging prevention of stalking by establishing January 2007 as ""National Stalking Awareness Month"".",HCONRES,2025-12-05,"Referred to the Subcommittee on Crime, Terrorism, and Homeland Security.",,,https://api.congress.gov/v3/bill/110/hconres/30?format=json,,,congress_bills,"Raising awareness and encouraging prevention of stalking by establishing January 2007 as ""National Stalking Awareness Month"". Referred to the Subcommittee on Crime, Terrorism, and Homeland Security.",True,125,72,0,HCONRES,[],[],0,0,0,0,0,110.0,House,H,2007-02-02,"Referred to the Subcommittee on Crime, Terrorism, and Homeland Security."
32,"Honoring the members of the United States Air Force who were killed in the June 25, 1996, terrorist bombing of the Khobar Towers United States military housing compound near Dhahran, Saudi Arabia.",HCONRES,2025-06-06,Message on Senate action sent to the House.,,,https://api.congress.gov/v3/bill/110/hconres/32?format=json,,,congress_bills,"Honoring the members of the United States Air Force who were killed in the June 25, 1996, terrorist bombing of the Khobar Towers United States military housing compound near Dhahran, Saudi Arabia. Message on Senate action sent to the House.",True,196,43,0,HCONRES,['housing'],[],0,3,0,0,3,110.0,House,H,2008-06-25,Message on Senate action sent to the House.
40,Expressing the sense of Congress that the United States should not engage in the construction of a North American Free Trade Agreement (NAFTA) Superhighway System or enter into a North American Union with Mexico and Canada.,HCONRES,2024-02-07,Referred to the Subcommittee on Highways and Transit.,,,https://api.congress.gov/v3/bill/110/hconres/40?format=json,,,congress_bills,Expressing the sense of Congress that the United States should not engage in the construction of a North American Free Trade Agreement (NAFTA) Superhighway System or enter into a North American Union with Mexico and Canada. Referred to the Subcommittee on Highways and Transit.,True,223,53,0,HCONRES,"['transportation', 'labor']",[],0,3,0,0,3,110.0,House,H,2007-01-23,Referred to the Subcommittee on Highways and Transit.
1,Regarding consent to assemble outside the seat of government.,HCONRES,2025-01-14,Received in the Senate and referred to the Committee on Rules and Administration.,,,https://api.congress.gov/v3/bill/110/hconres/1?format=json,,,congress_bills,Regarding consent to assemble outside the seat of government. Received in the Senate and referred to the Committee on Rules and Administration.,True,61,81,0,HCONRES,[],[],0,0,0,0,0,110.0,House,H,2007-01-08,Received in the Senate and referred to the Committee on Rules and Administration.
5,"Expressing support for the designation and goals of ""Hire a Veteran Week"" and encouraging the President to issue a proclamation supporting those goals.",HCONRES,2025-06-06,Received in the Senate and Read twice and referred to the Committee on Veterans' Affairs.,,,https://api.congress.gov/v3/bill/110/hconres/5?format=json,,,congress_bills,"Expressing support for the designation and goals of ""Hire a Veteran Week"" and encouraging the President to issue a proclamation supporting those goals. Received in the Senate and Read twice and referred to the Committee on Veterans' Affairs.",True,151,89,0,HCONRES,[],[],0,0,0,0,0,110.0,House,H,2007-01-31,Received in the Senate and Read twice and referred to the Committee on Veterans' Affairs.
50,Calling on the Government of Venezuela to uphold the human rights and civil liberties of the people of Venezuela.,HCONRES,2025-01-23,"Referred to the Subcommittee on International Organizations, Human Rights, and Oversight.",,,https://api.congress.gov/v3/bill/110/hconres/50?format=json,,,congress_bills,"Calling on the Government of Venezuela to uphold the human rights and civil liberties of the people of Venezuela. Referred to the Subcommittee on International Organizations, Human Rights, and Oversight.",True,113,89,0,HCONRES,[],[],0,0,0,0,0,110.0,House,H,2007-04-17,"Referred to the Subcommittee on International Organizations, Human Rights, and Oversight."
42,Honoring the heroic service and sacrifice of the glider pilots of the United States Army Air Forces during World War II.,HCONRES,2025-12-05,Received in the Senate and referred to the Committee on Armed Services.,,,https://api.congress.gov/v3/bill/110/hconres/42?format=json,,,congress_bills,Honoring the heroic service and sacrifice of the glider pilots of the United States Army Air Forces during World War II. Received in the Senate and referred to the Committee on Armed Services.,True,120,71,0,HCONRES,[],[],0,0,0,0,0,110.0,House,H,2007-03-21,Received in the Senate and referred to the Committee on Armed Services.
11,"Entitled the ""English Plus Resolution"".",HCONRES,2025-07-21,Referred to the House Committee on Education and Labor.,,,https://api.congress.gov/v3/bill/110/hconres/11?format=json,,,congress_bills,"Entitled the ""English Plus Resolution"". Referred to the House Committee on Education and Labor.",True,39,55,0,HCONRES,['labor'],[],0,1,0,0,1,110.0,House,H,2007-01-04,Referred to the House Committee on Education and Labor.
52,Supporting the goals and ideals of American Heart Month.,HCONRES,2025-04-21,"Received in the Senate and referred to the Committee on Health, Education, Labor, and Pensions.",,,https://api.congress.gov/v3/bill/110/hconres/52?format=json,,,congress_bills,"Supporting the goals and ideals of American Heart Month. Received in the Senate and referred to the Committee on Health, Education, Labor, and Pensions.",True,56,95,0,HCONRES,"['healthcare', 'labor']",[],0,2,0,0,2,110.0,House,H,2007-03-01,"Received in the Senate and referred to the Committee on Health, Education, Labor, and Pensions."
21,Calling on the United Nations Security Council to charge Iranian leader Mahmoud Ahmadinejad with violating the 1948 Convention on the Prevention and Punishment of the Crime of Genocide and United Nations Charter because of his calls for the destruction of the State of Israel.,HCONRES,2025-04-28,Received in the Senate and referred to the Committee on Foreign Relations.,,,https://api.congress.gov/v3/bill/110/hconres/21?format=json,,,congress_bills,Calling on the United Nations Security Council to charge Iranian leader Mahmoud Ahmadinejad with violating the 1948 Convention on the Prevention and Punishment of the Crime of Genocide and United Nations Charter because of his calls for the destruction of the State of Israel. Received in the Senate and referred to the Committee on Foreign Relations.,True,276,74,0,HCONRES,[],[],0,0,0,0,0,110.0,House,H,2007-06-21,Received in the Senate and referred to the Committee on Foreign Relations.
60,"Expressing support for the goals of Veterans Educate Today's Students (VETS) Day, and for other purposes.",HCONRES,2025-01-14,Received in the Senate and referred to the Committee on Veterans' Affairs.,,,https://api.congress.gov/v3/bill/110/hconres/60?format=json,,,congress_bills,"Expressing support for the goals of Veterans Educate Today's Students (VETS) Day, and for other purposes. Received in the Senate and referred to the Committee on Veterans' Affairs.",True,105,74,0,HCONRES,[],[],0,0,0,0,0,110.0,House,H,2007-11-06,Received in the Senate and referred to the Committee on Veterans' Affairs.
15,"Expressing the sense of Congress that the Government of Iraq should not grant blanket amnesty to persons known to have attacked, killed, or wounded members of the United States Armed Forces in Iraq.",HCONRES,2025-04-28,Committee Hearings Held.,,,https://api.congress.gov/v3/bill/110/hconres/15?format=json,,,congress_bills,"Expressing the sense of Congress that the Government of Iraq should not grant blanket amnesty to persons known to have attacked, killed, or wounded members of the United States Armed Forces in Iraq. Committee Hearings Held.",True,198,24,0,HCONRES,[],[],0,0,0,0,0,110.0,House,H,2007-03-20,Committee Hearings Held.
62,"Supporting the goals and ideals of a National Children and Families Day, in order to encourage adults in the United States to support and listen to children and to help children throughout the Nation achieve their hopes and dreams, and for other purposes.",HCONRES,2025-04-21,Message on Senate action sent to the House.,,,https://api.congress.gov/v3/bill/110/hconres/62?format=json,,,congress_bills,"Supporting the goals and ideals of a National Children and Families Day, in order to encourage adults in the United States to support and listen to children and to help children throughout the Nation achieve their hopes and dreams, and for other purposes. Message on Senate action sent to the House.",True,255,43,0,HCONRES,[],[],0,0,0,0,0,110.0,House,H,2007-05-17,Message on Senate action sent to the House.
70,"Supporting the goals and ideals of National Celiac Awareness Month, and for other purposes.",HCONRES,2025-01-02,Referred to the Subcommittee on Health.,,,https://api.congress.gov/v3/bill/110/hconres/70?format=json,,,congress_bills,"Supporting the goals and ideals of National Celiac Awareness Month, and for other purposes. Referred to the Subcommittee on Health.",True,91,39,0,HCONRES,['healthcare'],[],0,1,0,0,1,110.0,House,H,2007-02-27,Referred to the Subcommittee on Health.
31,Honoring the Mare Island Original 21ers for their efforts to remedy racial discrimination in employment at Mare Island Naval Shipyard.,HCONRES,2025-07-21,"Received in the Senate and referred to the Committee on Health, Education, Labor, and Pensions.",,,https://api.congress.gov/v3/bill/110/hconres/31?format=json,,,congress_bills,"Honoring the Mare Island Original 21ers for their efforts to remedy racial discrimination in employment at Mare Island Naval Shipyard. Received in the Senate and referred to the Committee on Health, Education, Labor, and Pensions.",True,134,95,0,HCONRES,"['healthcare', 'labor']",[],0,2,0,0,2,110.0,House,H,2007-01-18,"Received in the Senate and referred to the Committee on Health, Education, Labor, and Pensions."
25,"Expressing the sense of Congress that it is the goal of the United States that, not later than January 1, 2025, the agricultural, forestry, and working land of the United States should provide from renewable resources not less than 25 percent of the total energy consumed in the United States and continue to produce safe, abundant, and affordable food, feed, and fiber.",HCONRES,2025-12-05,"Received in the Senate and referred to the Committee on Agriculture, Nutrition, and Forestry.",,,https://api.congress.gov/v3/bill/110/hconres/25?format=json,,,congress_bills,"Expressing the sense of Congress that it is the goal of the United States that, not later than January 1, 2025, the agricultural, forestry, and working land of the United States should provide from renewable resources not less than 25 percent of the total energy consumed in the United States and continue to produce safe, abundant, and affordable food, feed, and fiber. Received in the Senate and referred to the Committee on Agriculture, Nutrition, and Forestry.",True,370,93,0,HCONRES,['energy'],[],0,2,0,0,2,110.0,House,H,2007-10-16,"Received in the Senate and referred to the Committee on Agriculture, Nutrition, and Forestry."
80,"Calling on the Government of Uganda and the Lord's Resistance Army (LRA) to recommit to a political solution to the conflict in northern Uganda by engaging in good-faith negotiations, and urging immediate and substantial support for the ongoing peace process from the United States and the international community.",HCONRES,2025-04-07,Received in the Senate and referred to the Committee on Foreign Relations.,,,https://api.congress.gov/v3/bill/110/hconres/80?format=json,,,congress_bills,"Calling on the Government of Uganda and the Lord's Resistance Army (LRA) to recommit to a political solution to the conflict in northern Uganda by engaging in good-faith negotiations, and urging immediate and substantial support for the ongoing peace process from the United States and the international community. Received in the Senate and referred to the Committee on Foreign Relations.",True,314,74,0,HCONRES,[],[],0,0,0,0,0,110.0,House,H,2007-06-19,Received in the Senate and referred to the Committee on Foreign Relations.
41,Providing for a conditional adjournment of the House of Representatives.,HCONRES,2020-07-23,Message on Senate action sent to the House.,,,https://api.congress.gov/v3/bill/110/hconres/41?format=json,,,congress_bills,Providing for a conditional adjournment of the House of Representatives. Message on Senate action sent to the House.,True,72,43,0,HCONRES,[],[],0,0,0,0,0,110.0,House,H,2007-01-24,Message on Senate action sent to the House.
72,"Recognizing and honoring America's labor movement, supporting the designation of a National Labor History Month, and for other purposes.",HCONRES,2025-07-21,Referred to the House Committee on Education and Labor.,,,https://api.congress.gov/v3/bill/110/hconres/72?format=json,,,congress_bills,"Recognizing and honoring America's labor movement, supporting the designation of a National Labor History Month, and for other purposes. Referred to the House Committee on Education and Labor.",True,136,55,0,HCONRES,['labor'],[],0,1,0,0,1,110.0,House,H,2007-02-16,Referred to the House Committee on Education and Labor.
35,Supporting the goals and ideals of National Black HIV/AIDS Awareness Day.,HCONRES,2025-04-21,Sponsor introductory remarks on measure. (CR H1311),,,https://api.congress.gov/v3/bill/110/hconres/35?format=json,,,congress_bills,Supporting the goals and ideals of National Black HIV/AIDS Awareness Day. Sponsor introductory remarks on measure. (CR H1311),True,73,51,0,HCONRES,[],[],0,0,0,0,0,110.0,House,H,2007-02-07,Sponsor introductory remarks on measure. (CR H1311)
90,Recognizing the dedication and honorable service of members of the Armed Forces who are serving or have served as military nurses.,HCONRES,2025-06-06,Referred to the Subcommittee on Military Personnel.,,,https://api.congress.gov/v3/bill/110/hconres/90?format=json,,,congress_bills,Recognizing the dedication and honorable service of members of the Armed Forces who are serving or have served as military nurses. Referred to the Subcommittee on Military Personnel.,True,130,51,0,HCONRES,[],[],0,0,0,0,0,110.0,House,H,2007-04-03,Referred to the Subcommittee on Military Personnel.
51,Supporting the goals and ideals of National Wear Red Day.,HCONRES,2024-02-05,Referred to the Subcommittee on Health.,,,https://api.congress.gov/v3/bill/110/hconres/51?format=json,,,congress_bills,Supporting the goals and ideals of National Wear Red Day. Referred to the Subcommittee on Health.,True,57,39,0,HCONRES,['healthcare'],[],0,1,0,0,1,110.0,House,H,2007-02-02,Referred to the Subcommittee on Health.
82,Expressing the sense of the Congress that a commemorative postage stamp should be issued in honor of the USS New Jersey and all those who served aboard her.,HCONRES,2025-02-04,Referred to the House Committee on Oversight and Government Reform.,,,https://api.congress.gov/v3/bill/110/hconres/82?format=json,,,congress_bills,Expressing the sense of the Congress that a commemorative postage stamp should be issued in honor of the USS New Jersey and all those who served aboard her. Referred to the House Committee on Oversight and Government Reform.,True,156,67,0,HCONRES,[],['NJ'],0,0,0,1,1,110.0,House,H,2007-03-06,Referred to the House Committee on Oversight and Government Reform.
45,Expressing the sense of Congress on the new strategy in Iraq.,HCONRES,2025-06-06,"Referred to the Committee on Foreign Affairs, and in addition to the Committee on Armed Services, for a period to be subsequently determined by the Speaker, in each case for consideration of such provisions as fall within the jurisdiction of the committee concerned.",,,https://api.congress.gov/v3/bill/110/hconres/45?format=json,,,congress_bills,"Expressing the sense of Congress on the new strategy in Iraq. Referred to the Committee on Foreign Affairs, and in addition to the Committee on Armed Services, for a period to be subsequently determined by the Speaker, in each case for consideration of such provisions as fall within the jurisdiction of the committee concerned.",True,61,266,0,HCONRES,[],[],0,0,1,0,1,110.0,House,H,2007-01-24,"Referred to the Committee on Foreign Affairs, and in addition to the Committee on Armed Services, for a period to be subsequently determined by the Speaker, in each case for consideration of such provisions as fall within the jurisdiction of the committee concerned."
100,Condemning the recent violent actions of the Government of Zimbabwe against peaceful opposition party activists and members of civil society.,HCONRES,2025-12-05,Received in the Senate and referred to the Committee on Foreign Relations.,,,https://api.congress.gov/v3/bill/110/hconres/100?format=json,,,congress_bills,Condemning the recent violent actions of the Government of Zimbabwe against peaceful opposition party activists and members of civil society. Received in the Senate and referred to the Committee on Foreign Relations.,True,141,74,0,HCONRES,[],[],0,0,0,0,0,110.0,House,H,2007-04-18,Received in the Senate and referred to the Committee on Foreign Relations.
61,Expressing the sense of the Congress that the United States flag flown over the United States Capitol should be lowered to half-mast one day each month in honor of the brave men and women from the United States who have lost their lives in military conflicts.,HCONRES,2025-01-14,Referred to the Committee on Rules and Administration.,,,https://api.congress.gov/v3/bill/110/hconres/61?format=json,,,congress_bills,Expressing the sense of the Congress that the United States flag flown over the United States Capitol should be lowered to half-mast one day each month in honor of the brave men and women from the United States who have lost their lives in military conflicts. Referred to the Committee on Rules and Administration.,True,259,54,0,HCONRES,[],[],0,0,0,0,0,110.0,House,H,2008-10-02,Referred to the Committee on Rules and Administration.
2,"Expressing the sense of the Congress that the United States Fish and Wildlife Service should incorporate consideration of global warming and sea-level rise into the comprehensive conservation plans for coastal national wildlife refuges, and for other purposes.",HCONRES,2025-01-02,"Referred to the Subcommittee on Insular Affairs, Oceans and Wildlife.",,,https://api.congress.gov/v3/bill/111/hconres/2?format=json,,,congress_bills,"Expressing the sense of the Congress that the United States Fish and Wildlife Service should incorporate consideration of global warming and sea-level rise into the comprehensive conservation plans for coastal national wildlife refuges, and for other purposes. Referred to the Subcommittee on Insular Affairs, Oceans and Wildlife.",True,260,69,0,HCONRES,[],[],0,0,0,0,0,111.0,House,H,2009-02-04,"Referred to the Subcommittee on Insular Affairs, Oceans and Wildlife."
55,"Recognizing that the plight of Kashmiri Pandits has been an ongoing concern since 1989 and that their physical, political, and economic security should be safeguarded by the Government of India and the state government of Jammu and Kashmir.",HCONRES,2025-12-04,"Referred to the Subcommittee on International Organizations, Human Rights, and Oversight.",,,https://api.congress.gov/v3/bill/110/hconres/55?format=json,,,congress_bills,"Recognizing that the plight of Kashmiri Pandits has been an ongoing concern since 1989 and that their physical, political, and economic security should be safeguarded by the Government of India and the state government of Jammu and Kashmir. Referred to the Subcommittee on International Organizations, Human Rights, and Oversight.",True,240,89,0,HCONRES,[],[],0,0,0,0,0,110.0,House,H,2007-04-17,"Referred to the Subcommittee on International Organizations, Human Rights, and Oversight."
110,"Expressing the sense of Congress that Iraq should vote to approve or disapprove the continued deployment of United States Armed Forces to Iraq and, unless Iraq votes to approve such continued deployment, the President of the United States should commence the phased redeployment of United States Armed Forces from Iraq within 60 days of the Iraqi vote.",HCONRES,2025-06-06,"Referred to the Committee on Foreign Affairs, and in addition to the Committee on Armed Services, for a period to be subsequently determined by the Speaker, in each case for consideration of such provisions as fall within the jurisdiction of the committee concerned.",,,https://api.congress.gov/v3/bill/110/hconres/110?format=json,,,congress_bills,"Expressing the sense of Congress that Iraq should vote to approve or disapprove the continued deployment of United States Armed Forces to Iraq and, unless Iraq votes to approve such continued deployment, the President of the United States should commence the phased redeployment of United States Armed Forces from Iraq within 60 days of the Iraqi vote. Referred to the Committee on Foreign Affairs, and in addition to the Committee on Armed Services, for a period to be subsequently determined by the Speaker, in each case for consideration of such provisions as fall within the jurisdiction of the committee concerned.",True,352,266,0,HCONRES,[],[],0,0,1,0,1,110.0,House,H,2007-03-29,"Referred to the Committee on Foreign Affairs, and in addition to the Committee on Armed Services, for a period to be subsequently determined by the Speaker, in each case for consideration of such provisions as fall within the jurisdiction of the committee concerned."
92,"Recognizing and commending Dr. Robert Meaders and all of the volunteers and contributors of Operation Helmet for their efforts in sending out 35,000 helmet upgrade kits to members of the United States Armed Forces deployed in Iraq and Afghanistan.",HCONRES,2025-06-06,Referred to the Subcommittee on Military Personnel.,,,https://api.congress.gov/v3/bill/110/hconres/92?format=json,,,congress_bills,"Recognizing and commending Dr. Robert Meaders and all of the volunteers and contributors of Operation Helmet for their efforts in sending out 35,000 helmet upgrade kits to members of the United States Armed Forces deployed in Iraq and Afghanistan. Referred to the Subcommittee on Military Personnel.",True,247,51,0,HCONRES,[],[],0,0,0,0,0,110.0,House,H,2007-04-03,Referred to the Subcommittee on Military Personnel.
71,"Commemorating the 85th Anniversary of the founding of the American Hellenic Educational Progressive Association (AHEPA), a leading association for the Nation's 1.3 million American citizens of Greek ancestry, and Philhellenes.",HCONRES,2025-07-21,Message on Senate action sent to the House.,,,https://api.congress.gov/v3/bill/110/hconres/71?format=json,,,congress_bills,"Commemorating the 85th Anniversary of the founding of the American Hellenic Educational Progressive Association (AHEPA), a leading association for the Nation's 1.3 million American citizens of Greek ancestry, and Philhellenes. Message on Senate action sent to the House.",True,226,43,0,HCONRES,['environment'],[],0,2,0,0,2,110.0,House,H,2007-05-15,Message on Senate action sent to the House.
12,Expressing the sense of Congress that the United States Postal Service should issue a commemorative postage stamp honoring Sam Phillips and that the Citizens' Stamp Advisory Committee should recommend to the Postmaster General that such a stamp be issued.,HCONRES,2025-02-04,Referred to the House Committee on Oversight and Government Reform.,,,https://api.congress.gov/v3/bill/111/hconres/12?format=json,,,congress_bills,Expressing the sense of Congress that the United States Postal Service should issue a commemorative postage stamp honoring Sam Phillips and that the Citizens' Stamp Advisory Committee should recommend to the Postmaster General that such a stamp be issued. Referred to the House Committee on Oversight and Government Reform.,True,255,67,0,HCONRES,[],[],0,0,0,0,0,111.0,House,H,2009-01-08,Referred to the House Committee on Oversight and Government Reform.
65,"Disagreeing with the plan announced by the President on January 10, 2007, to increase by more than 20,000 the number of United States combat troops in Iraq, and urging the President instead to consider options and alternatives for achieving success in Iraq.",HCONRES,2025-06-06,Committee Hearings Held.,,,https://api.congress.gov/v3/bill/110/hconres/65?format=json,,,congress_bills,"Disagreeing with the plan announced by the President on January 10, 2007, to increase by more than 20,000 the number of United States combat troops in Iraq, and urging the President instead to consider options and alternatives for achieving success in Iraq. Committee Hearings Held.",True,257,24,0,HCONRES,[],[],0,0,0,0,0,110.0,House,H,2007-03-20,Committee Hearings Held.
102,Supporting the goals and ideals of observing the National Day of Human Trafficking Awareness each year to raise awareness of and opposition to human trafficking.,HCONRES,2025-01-02,"Referred to the Subcommittee on Immigration, Citizenship, Refugees, Border Security, and International Law.",,,https://api.congress.gov/v3/bill/110/hconres/102?format=json,,,congress_bills,"Supporting the goals and ideals of observing the National Day of Human Trafficking Awareness each year to raise awareness of and opposition to human trafficking. Referred to the Subcommittee on Immigration, Citizenship, Refugees, Border Security, and International Law.",True,161,107,0,HCONRES,[],[],0,0,0,0,0,110.0,House,H,2007-03-30,"Referred to the Subcommittee on Immigration, Citizenship, Refugees, Border Security, and International Law."
81,Expressing the sense of the Congress regarding bone marrow diseases.,HCONRES,2025-04-07,Referred to the Subcommittee on Health.,,,https://api.congress.gov/v3/bill/110/hconres/81?format=json,,,congress_bills,Expressing the sense of the Congress regarding bone marrow diseases. Referred to the Subcommittee on Health.,True,68,39,0,HCONRES,['healthcare'],[],0,1,0,0,1,110.0,House,H,2007-03-07,Referred to the Subcommittee on Health.
120,Expressing the sense of Congress that the Federal government and the people of the United States should honor the spirit of volunteerism and personal growth promoted by the Congressional Award Program.,HCONRES,2025-07-21,Referred to the Subcommittee on Healthy Families and Communities.,,,https://api.congress.gov/v3/bill/110/hconres/120?format=json,,,congress_bills,Expressing the sense of Congress that the Federal government and the people of the United States should honor the spirit of volunteerism and personal growth promoted by the Congressional Award Program. Referred to the Subcommittee on Healthy Families and Communities.,True,201,65,0,HCONRES,['healthcare'],[],0,1,0,0,1,110.0,House,H,2007-07-09,Referred to the Subcommittee on Healthy Families and Communities.
75,Expressing the sense of Congress that the global use of child soldiers is unacceptable and that the international community should find remedies end this practice.,HCONRES,2025-01-02,Referred to the House Committee on Foreign Affairs.,,,https://api.congress.gov/v3/bill/110/hconres/75?format=json,,,congress_bills,Expressing the sense of Congress that the global use of child soldiers is unacceptable and that the international community should find remedies end this practice. Referred to the House Committee on Foreign Affairs.,True,163,51,0,HCONRES,[],[],0,0,0,0,0,110.0,House,H,2007-02-27,Referred to the House Committee on Foreign Affairs.
22,Establishing the Joint Select Committee on Reorganization and Reform of Foreign Assistance Agencies and Programs.,HCONRES,2025-04-07,Referred to the House Committee on Rules.,,,https://api.congress.gov/v3/bill/111/hconres/22?format=json,,,congress_bills,Establishing the Joint Select Committee on Reorganization and Reform of Foreign Assistance Agencies and Programs. Referred to the House Committee on Rules.,True,113,41,0,HCONRES,[],[],0,0,0,0,0,111.0,House,H,2009-01-15,Referred to the House Committee on Rules.
10,"Supporting the observance of World Stroke Awareness Day, and for other purposes.",HCONRES,2024-02-07,Referred to the Subcommittee on Health.,,,https://api.congress.gov/v3/bill/111/hconres/10?format=json,,,congress_bills,"Supporting the observance of World Stroke Awareness Day, and for other purposes. Referred to the Subcommittee on Health.",True,80,39,0,HCONRES,['healthcare'],[],0,1,0,0,1,111.0,House,H,2009-01-14,Referred to the Subcommittee on Health.
130,"Supporting the goals and ideals of Mental Health Month, and for other purposes.",HCONRES,2025-01-02,Referred to the Subcommittee on Health.,,,https://api.congress.gov/v3/bill/110/hconres/130?format=json,,,congress_bills,"Supporting the goals and ideals of Mental Health Month, and for other purposes. Referred to the Subcommittee on Health.",True,79,39,0,HCONRES,['healthcare'],[],0,1,0,0,1,110.0,House,H,2007-04-26,Referred to the Subcommittee on Health.
112,Supporting the goals and ideas of a National Child Care Worthy Wage Day.,HCONRES,2026-03-23,Message on Senate action sent to the House.,,,https://api.congress.gov/v3/bill/110/hconres/112?format=json,,,congress_bills,Supporting the goals and ideas of a National Child Care Worthy Wage Day. Message on Senate action sent to the House.,True,72,43,0,HCONRES,['labor'],[],0,1,0,0,1,110.0,House,H,2008-05-02,Message on Senate action sent to the House.
91,Expressing the need for enhanced public awareness of traumatic brain injury and support for the designation of a National Brain Injury Awareness Month.,HCONRES,2025-01-02,Referred to the Subcommittee on Health.,,,https://api.congress.gov/v3/bill/110/hconres/91?format=json,,,congress_bills,Expressing the need for enhanced public awareness of traumatic brain injury and support for the designation of a National Brain Injury Awareness Month. Referred to the Subcommittee on Health.,True,151,39,0,HCONRES,['healthcare'],[],0,1,0,0,1,110.0,House,H,2007-03-14,Referred to the Subcommittee on Health.
4,Urging increased Federal funding for juvenile (Type 1) diabetes research.,HCONRES,2024-02-05,Referred to the Subcommittee on Health.,,,https://api.congress.gov/v3/bill/110/hconres/4?format=json,,,congress_bills,Urging increased Federal funding for juvenile (Type 1) diabetes research. Referred to the Subcommittee on Health.,True,73,39,0,HCONRES,['healthcare'],[],0,1,0,0,1,110.0,House,H,2007-02-02,Referred to the Subcommittee on Health.
85,Supporting the goals and ideals of National Cystic Fibrosis Awareness Month.,HCONRES,2025-12-05,Referred to the Subcommittee on Health.,,,https://api.congress.gov/v3/bill/110/hconres/85?format=json,,,congress_bills,Supporting the goals and ideals of National Cystic Fibrosis Awareness Month. Referred to the Subcommittee on Health.,True,76,39,0,HCONRES,['healthcare'],[],0,1,0,0,1,110.0,House,H,2007-03-09,Referred to the Subcommittee on Health.
140,Financial Services Diversity Initiative,HCONRES,2026-03-23,"Received in the Senate and referred to the Committee on Banking, Housing, and Urban Affairs.",,,https://api.congress.gov/v3/bill/110/hconres/140?format=json,,,congress_bills,"Financial Services Diversity Initiative Received in the Senate and referred to the Committee on Banking, Housing, and Urban Affairs.",True,39,92,0,HCONRES,"['housing', 'finance']",[],0,5,0,0,5,110.0,House,H,2007-09-25,"Received in the Senate and referred to the Committee on Banking, Housing, and Urban Affairs."
32,"Expressing the sense of Congress that the 40th anniversary of the oil spill off the coast of Santa Barbara, California, should be remembered as an ecological and economic disaster that triggered major environmental legislation and helped launch the modern environmental movement, and for other purposes.",HCONRES,2024-02-07,Referred to the House Committee on Natural Resources.,,,https://api.congress.gov/v3/bill/111/hconres/32?format=json,,,congress_bills,"Expressing the sense of Congress that the 40th anniversary of the oil spill off the coast of Santa Barbara, California, should be remembered as an ecological and economic disaster that triggered major environmental legislation and helped launch the modern environmental movement, and for other purposes. Referred to the House Committee on Natural Resources.",True,303,53,0,HCONRES,['environment'],['CA'],0,2,0,1,3,111.0,House,H,2009-01-28,Referred to the House Committee on Natural Resources.
20,Expressing the sense of Congress that the global use of child soldiers is unacceptable and that the international community should find remedies to end this practice.,HCONRES,2025-04-07,Referred to the House Committee on Foreign Affairs.,,,https://api.congress.gov/v3/bill/111/hconres/20?format=json,,,congress_bills,Expressing the sense of Congress that the global use of child soldiers is unacceptable and that the international community should find remedies to end this practice. Referred to the House Committee on Foreign Affairs.,True,166,51,0,HCONRES,[],[],0,0,0,0,0,111.0,House,H,2009-01-13,Referred to the House Committee on Foreign Affairs.
122,Supporting the goal and mission of America Recycles Day.,HCONRES,2025-01-14,Received in the Senate and referred to the Committee on Environment and Public Works.,,,https://api.congress.gov/v3/bill/110/hconres/122?format=json,,,congress_bills,Supporting the goal and mission of America Recycles Day. Received in the Senate and referred to the Committee on Environment and Public Works.,True,56,85,0,HCONRES,['environment'],[],0,2,0,0,2,110.0,House,H,2007-11-14,Received in the Senate and referred to the Committee on Environment and Public Works.
101,"Expressing the sense of Congress that the bicentennial of the 1807 Abolition of the Slave Trade Act, which banned the slave trade in the British Empire, allowed for the search and seizure of ships suspected of transporting enslaved people, and provided compensation for the freedom of slaves, should be commemorated.",HCONRES,2025-01-02,Sponsor introductory remarks on measure. (CR E305),,,https://api.congress.gov/v3/bill/110/hconres/101?format=json,,,congress_bills,"Expressing the sense of Congress that the bicentennial of the 1807 Abolition of the Slave Trade Act, which banned the slave trade in the British Empire, allowed for the search and seizure of ships suspected of transporting enslaved people, and provided compensation for the freedom of slaves, should be commemorated. Sponsor introductory remarks on measure. (CR E305)",True,316,50,0,HCONRES,['transportation'],[],0,2,0,0,2,110.0,House,H,2007-06-15,Sponsor introductory remarks on measure. (CR E305)
14,Expressing that Congress has the sole and exclusive power to declare war.,HCONRES,2024-02-07,Referred to the House Committee on Foreign Affairs.,,,https://api.congress.gov/v3/bill/110/hconres/14?format=json,,,congress_bills,Expressing that Congress has the sole and exclusive power to declare war. Referred to the House Committee on Foreign Affairs.,True,73,51,0,HCONRES,['energy'],[],0,2,0,0,2,110.0,House,H,2007-01-05,Referred to the House Committee on Foreign Affairs.
95,"Honoring the career and research accomplishments of Frances E. Allen, the 2006 recipient of the A.M. Turing Award.",HCONRES,2025-07-21,Received in the Senate and referred to the Committee on the Judiciary.,,,https://api.congress.gov/v3/bill/110/hconres/95?format=json,,,congress_bills,"Honoring the career and research accomplishments of Frances E. Allen, the 2006 recipient of the A.M. Turing Award. Received in the Senate and referred to the Committee on the Judiciary.",True,114,70,0,HCONRES,[],[],0,0,0,0,0,110.0,House,H,2007-05-02,Received in the Senate and referred to the Committee on the Judiciary.
7,Calling on the League of Arab States and each Member State individually to acknowledge the genocide in the Darfur region of Sudan and to step up their efforts to stop the genocide in Darfur.,HCONRES,2025-04-28,Placed on Senate Legislative Calendar under General Orders. Calendar No. 244.,,,https://api.congress.gov/v3/bill/110/hconres/7?format=json,,,congress_bills,Calling on the League of Arab States and each Member State individually to acknowledge the genocide in the Darfur region of Sudan and to step up their efforts to stop the genocide in Darfur. Placed on Senate Legislative Calendar under General Orders. Calendar No. 244.,True,190,77,0,HCONRES,[],[],0,0,0,0,0,110.0,House,H,2007-06-28,Placed on Senate Legislative Calendar under General Orders. Calendar No. 244.
42,"Recognizing the contributions of the New York Public Library's Schomburg Center for Research in Black Culture in educating the people of the United States about the African-American migration experience, and for other purposes.",HCONRES,2021-09-28,"Referred to the Subcommittee on the Constitution, Civil Rights, and Civil Liberties.",,,https://api.congress.gov/v3/bill/111/hconres/42?format=json,,,congress_bills,"Recognizing the contributions of the New York Public Library's Schomburg Center for Research in Black Culture in educating the people of the United States about the African-American migration experience, and for other purposes. Referred to the Subcommittee on the Constitution, Civil Rights, and Civil Liberties.",True,227,84,0,HCONRES,[],['NY'],0,0,0,1,1,111.0,House,H,2009-09-14,"Referred to the Subcommittee on the Constitution, Civil Rights, and Civil Liberties."
111,Expressing the sense of Congress that Lionel Hampton should be honored for his contributions to American music.,HCONRES,2025-07-21,Referred to the Subcommittee on Healthy Families and Communities.,,,https://api.congress.gov/v3/bill/110/hconres/111?format=json,,,congress_bills,Expressing the sense of Congress that Lionel Hampton should be honored for his contributions to American music. Referred to the Subcommittee on Healthy Families and Communities.,True,111,65,0,HCONRES,['healthcare'],[],0,1,0,0,1,110.0,House,H,2007-06-27,Referred to the Subcommittee on Healthy Families and Communities.
132,Recognizing the historical significance of the Mexican holiday of Cinco de Mayo.,HCONRES,2025-12-06,Referred to the House Committee on Foreign Affairs.,,,https://api.congress.gov/v3/bill/110/hconres/132?format=json,,,congress_bills,Recognizing the historical significance of the Mexican holiday of Cinco de Mayo. Referred to the House Committee on Foreign Affairs.,True,80,51,0,HCONRES,[],[],0,0,0,0,0,110.0,House,H,2007-04-26,Referred to the House Committee on Foreign Affairs.
150,Expressing gratitude to the people and Government of the Republic of Georgia for their support and commitment in combating Islamist terrorism worldwide and their specific efforts to bring security and stability in Iraq and Afghanistan.,HCONRES,2025-01-02,Referred to the House Committee on Foreign Affairs.,,,https://api.congress.gov/v3/bill/110/hconres/150?format=json,,,congress_bills,Expressing gratitude to the people and Government of the Republic of Georgia for their support and commitment in combating Islamist terrorism worldwide and their specific efforts to bring security and stability in Iraq and Afghanistan. Referred to the House Committee on Foreign Affairs.,True,235,51,0,HCONRES,[],['GA'],0,0,0,1,1,110.0,House,H,2007-05-17,Referred to the House Committee on Foreign Affairs.
24,Expressing the sense of the Congress that the President should grant a pardon to Marcus Mosiah Garvey to clear his name and affirm his innocence of crimes for which he was unjustly prosecuted and convicted.,HCONRES,2021-04-20,Sponsor introductory remarks on measure. (CR E561-563),,,https://api.congress.gov/v3/bill/110/hconres/24?format=json,,,congress_bills,Expressing the sense of the Congress that the President should grant a pardon to Marcus Mosiah Garvey to clear his name and affirm his innocence of crimes for which he was unjustly prosecuted and convicted. Sponsor introductory remarks on measure. (CR E561-563),True,206,54,0,HCONRES,[],[],0,0,0,0,0,110.0,House,H,2007-03-15,Sponsor introductory remarks on measure. (CR E561-563)
105,Supporting the goals and ideals of a National Suffragists Day to promote awareness of the importance of the women suffragists who worked for the right of women to vote in the United States.,HCONRES,2025-07-21,Received in the Senate and referred to the Committee on the Judiciary.,,,https://api.congress.gov/v3/bill/110/hconres/105?format=json,,,congress_bills,Supporting the goals and ideals of a National Suffragists Day to promote awareness of the importance of the women suffragists who worked for the right of women to vote in the United States. Received in the Senate and referred to the Committee on the Judiciary.,True,189,70,0,HCONRES,[],[],0,0,0,0,0,110.0,House,H,2007-05-09,Received in the Senate and referred to the Committee on the Judiciary.
17,"Expressing the sense of Congress that the people of the United States should grieve for the loss of life that defined the Third Reich and celebrate the continued education efforts for tolerance and justice, reaffirming the commitment of the United States to the fight against intolerance and prejudice in any form, and honoring the legacy of transparent procedure, government accountability, the rule of law, the pursuit of justice, and the struggle for universal freedom and human rights.",HCONRES,2025-01-23,"Referred to the Subcommittee on International Organizations, Human Rights, and Oversight.",,,https://api.congress.gov/v3/bill/110/hconres/17?format=json,,,congress_bills,"Expressing the sense of Congress that the people of the United States should grieve for the loss of life that defined the Third Reich and celebrate the continued education efforts for tolerance and justice, reaffirming the commitment of the United States to the fight against intolerance and prejudice in any form, and honoring the legacy of transparent procedure, government accountability, the rule of law, the pursuit of justice, and the struggle for universal freedom and human rights. Referred to the Subcommittee on International Organizations, Human Rights, and Oversight.",True,489,89,0,HCONRES,['housing'],[],0,3,0,0,3,110.0,House,H,2007-02-05,"Referred to the Subcommittee on International Organizations, Human Rights, and Oversight."
121,"Recognizing the benefits and importance of school-based music education, and for other purposes.",HCONRES,2025-12-06,Message on Senate action sent to the House.,,,https://api.congress.gov/v3/bill/110/hconres/121?format=json,,,congress_bills,"Recognizing the benefits and importance of school-based music education, and for other purposes. Message on Senate action sent to the House.",True,96,43,0,HCONRES,[],[],0,0,0,0,0,110.0,House,H,2007-05-17,Message on Senate action sent to the House.
30,"Urging the President to authorize the return to the people of the Philippines of two church bells that were taken by the United States Army in 1901 from the town of Balangiga on the island of Samar, Philippines, and are currently displayed at F.E. Warren Air Force Base, Wyoming.",HCONRES,2025-01-02,Referred to the House Committee on Foreign Affairs.,,,https://api.congress.gov/v3/bill/111/hconres/30?format=json,,,congress_bills,"Urging the President to authorize the return to the people of the Philippines of two church bells that were taken by the United States Army in 1901 from the town of Balangiga on the island of Samar, Philippines, and are currently displayed at F.E. Warren Air Force Base, Wyoming. Referred to the House Committee on Foreign Affairs.",True,279,51,0,HCONRES,['housing'],['WY'],0,3,0,1,4,111.0,House,H,2009-01-28,Referred to the House Committee on Foreign Affairs.
142,Expressing the sense of the Congress that there should be established a National Pet Week.,HCONRES,2025-04-07,"Received in the Senate and referred to the Committee on Agriculture, Nutrition, and Forestry.",,,https://api.congress.gov/v3/bill/110/hconres/142?format=json,,,congress_bills,"Expressing the sense of the Congress that there should be established a National Pet Week. Received in the Senate and referred to the Committee on Agriculture, Nutrition, and Forestry.",True,90,93,0,HCONRES,[],[],0,0,0,0,0,110.0,House,H,2007-06-26,"Received in the Senate and referred to the Committee on Agriculture, Nutrition, and Forestry."
115,Urging all sides to the current political crisis in Ukraine to act responsibly and use dialogue to resolve the crisis and ensure a free and transparent democratic system in Ukraine based on the rule of law.,HCONRES,2025-01-02,Referred to the House Committee on Foreign Affairs.,,,https://api.congress.gov/v3/bill/110/hconres/115?format=json,,,congress_bills,Urging all sides to the current political crisis in Ukraine to act responsibly and use dialogue to resolve the crisis and ensure a free and transparent democratic system in Ukraine based on the rule of law. Referred to the House Committee on Foreign Affairs.,True,206,51,0,HCONRES,['housing'],[],0,3,0,0,3,110.0,House,H,2007-04-17,Referred to the House Committee on Foreign Affairs.
34,"Honoring the life of Percy Lavon Julian, a pioneer in the field of organic chemistry research and development and the first and only African American chemist to be inducted into the National Academy of Sciences.",HCONRES,2025-04-07,Message on Senate action sent to the House.,,,https://api.congress.gov/v3/bill/110/hconres/34?format=json,,,congress_bills,"Honoring the life of Percy Lavon Julian, a pioneer in the field of organic chemistry research and development and the first and only African American chemist to be inducted into the National Academy of Sciences. Message on Senate action sent to the House.",True,211,43,0,HCONRES,[],[],0,0,0,0,0,110.0,House,H,2007-02-05,Message on Senate action sent to the House.
160,Regarding the endorsement of U.S. citizens' claims for payment by Chinese Government of defaulted Chinese bonds.,HCONRES,2025-01-02,Referred to the House Committee on Financial Services.,,,https://api.congress.gov/v3/bill/110/hconres/160?format=json,,,congress_bills,Regarding the endorsement of U.S. citizens' claims for payment by Chinese Government of defaulted Chinese bonds. Referred to the House Committee on Financial Services.,True,112,54,0,HCONRES,[],[],0,0,0,0,0,110.0,House,H,2007-05-24,Referred to the House Committee on Financial Services.
52,"Honoring and remembering the life of Lawrence ""Larry"" King.",HCONRES,2025-07-21,Referred to the Subcommittee on Healthy Families and Communities.,,,https://api.congress.gov/v3/bill/111/hconres/52?format=json,,,congress_bills,"Honoring and remembering the life of Lawrence ""Larry"" King. Referred to the Subcommittee on Healthy Families and Communities.",True,59,65,0,HCONRES,['healthcare'],[],0,1,0,0,1,111.0,House,H,2009-03-30,Referred to the Subcommittee on Healthy Families and Communities.
131,Commemorating the 40th anniversary of the reunification of Jerusalem.,HCONRES,2025-01-02,Referred to the House Committee on Foreign Affairs.,,,https://api.congress.gov/v3/bill/110/hconres/131?format=json,,,congress_bills,Commemorating the 40th anniversary of the reunification of Jerusalem. Referred to the House Committee on Foreign Affairs.,True,69,51,0,HCONRES,[],[],0,0,0,0,0,110.0,House,H,2007-04-25,Referred to the House Committee on Foreign Affairs.
125,"Recognizing the health benefits of eating seafood as part of a balanced diet, and supporting the goals and ideals of National Seafood Month.",HCONRES,2025-01-02,Referred to the Subcommittee on Health.,,,https://api.congress.gov/v3/bill/110/hconres/125?format=json,,,congress_bills,"Recognizing the health benefits of eating seafood as part of a balanced diet, and supporting the goals and ideals of National Seafood Month. Referred to the Subcommittee on Health.",True,140,39,0,HCONRES,['healthcare'],[],0,1,0,0,1,110.0,House,H,2007-04-24,Referred to the Subcommittee on Health.
27,"Expressing the sense of the House of Representatives that James Brown, also known as the ""God Father of Soul"", should be recognized for his contributions to American music as one of the greatest and most influential entertainers of the 1950s, 1960s, and 1970s as an American cultural icon.",HCONRES,2025-07-21,Referred to the House Committee on Education and Labor.,,,https://api.congress.gov/v3/bill/110/hconres/27?format=json,,,congress_bills,"Expressing the sense of the House of Representatives that James Brown, also known as the ""God Father of Soul"", should be recognized for his contributions to American music as one of the greatest and most influential entertainers of the 1950s, 1960s, and 1970s as an American cultural icon. Referred to the House Committee on Education and Labor.",True,289,55,0,HCONRES,['labor'],[],0,1,0,0,1,110.0,House,H,2007-01-10,Referred to the House Committee on Education and Labor.
152,Relating to the 40th anniversary of the reunification of the City of Jerusalem.,HCONRES,2025-04-07,Star Print ordered on the concurrent resolution.,,,https://api.congress.gov/v3/bill/110/hconres/152?format=json,,,congress_bills,Relating to the 40th anniversary of the reunification of the City of Jerusalem. Star Print ordered on the concurrent resolution.,True,79,48,0,HCONRES,['housing'],[],0,3,0,0,3,110.0,House,H,2007-07-17,Star Print ordered on the concurrent resolution.
170,"Expressing the sense of Congress that the International Olympic Committee should allow Taiwan (Republic of China) to participate in the 2008 Summer Olympics under the national name, flag, and anthem of its own choosing.",HCONRES,2025-01-02,Referred to the House Committee on Foreign Affairs.,,,https://api.congress.gov/v3/bill/110/hconres/170?format=json,,,congress_bills,"Expressing the sense of Congress that the International Olympic Committee should allow Taiwan (Republic of China) to participate in the 2008 Summer Olympics under the national name, flag, and anthem of its own choosing. Referred to the House Committee on Foreign Affairs.",True,219,51,0,HCONRES,[],[],0,0,0,0,0,110.0,House,H,2007-06-15,Referred to the House Committee on Foreign Affairs.
62,"Supporting the goals and ideals of ""National Black HIV/AIDS Awareness Day"".",HCONRES,2025-12-05,Referred to the Subcommittee on Health.,,,https://api.congress.gov/v3/bill/111/hconres/62?format=json,,,congress_bills,"Supporting the goals and ideals of ""National Black HIV/AIDS Awareness Day"". Referred to the Subcommittee on Health.",True,75,39,0,HCONRES,['healthcare'],[],0,1,0,0,1,111.0,House,H,2009-02-26,Referred to the Subcommittee on Health.
40,Expressing the need for enhanced public awareness of traumatic brain injury and support for the designation of a National Brain Injury Awareness Month.,HCONRES,2024-02-05,Referred to the Subcommittee on Health.,,,https://api.congress.gov/v3/bill/111/hconres/40?format=json,,,congress_bills,Expressing the need for enhanced public awareness of traumatic brain injury and support for the designation of a National Brain Injury Awareness Month. Referred to the Subcommittee on Health.,True,151,39,0,HCONRES,['healthcare'],[],0,1,0,0,1,111.0,House,H,2009-02-09,Referred to the Subcommittee on Health.
141,Honoring the life of Betty Shabazz.,HCONRES,2025-02-04,Referred to the House Committee on Oversight and Government Reform.,,,https://api.congress.gov/v3/bill/110/hconres/141?format=json,,,congress_bills,Honoring the life of Betty Shabazz. Referred to the House Committee on Oversight and Government Reform.,True,35,67,0,HCONRES,[],[],0,0,0,0,0,110.0,House,H,2007-05-03,Referred to the House Committee on Oversight and Government Reform.
135,Recognizing Pennsylvania hunters for their continued commitment to safety and for setting a new State safety record in 2006.,HCONRES,2025-02-04,Referred to the House Committee on Oversight and Government Reform.,,,https://api.congress.gov/v3/bill/110/hconres/135?format=json,,,congress_bills,Recognizing Pennsylvania hunters for their continued commitment to safety and for setting a new State safety record in 2006. Referred to the House Committee on Oversight and Government Reform.,True,124,67,0,HCONRES,[],['PA'],0,0,0,1,1,110.0,House,H,2007-05-01,Referred to the House Committee on Oversight and Government Reform.
162,Expressing the sense of Congress that Congress and the President should increase basic pay for members of the Armed Forces.,HCONRES,2025-06-06,Received in the Senate and referred to the Committee on Armed Services.,,,https://api.congress.gov/v3/bill/110/hconres/162?format=json,,,congress_bills,Expressing the sense of Congress that Congress and the President should increase basic pay for members of the Armed Forces. Received in the Senate and referred to the Committee on Armed Services.,True,123,71,0,HCONRES,[],[],0,0,0,0,0,110.0,House,H,2007-11-08,Received in the Senate and referred to the Committee on Armed Services.
44,Honoring and praising the National Association for the Advancement of Colored People on the occasion of its 98th anniversary.,HCONRES,2025-12-05,Message on Senate action sent to the House.,,,https://api.congress.gov/v3/bill/110/hconres/44?format=json,,,congress_bills,Honoring and praising the National Association for the Advancement of Colored People on the occasion of its 98th anniversary. Message on Senate action sent to the House.,True,125,43,0,HCONRES,[],[],0,0,0,0,0,110.0,House,H,2007-03-26,Message on Senate action sent to the House.
180,Supporting the goals and ideals of African American Bone Marrow Awareness Month.,HCONRES,2025-01-02,Referred to the Subcommittee on Health.,,,https://api.congress.gov/v3/bill/110/hconres/180?format=json,,,congress_bills,Supporting the goals and ideals of African American Bone Marrow Awareness Month. Referred to the Subcommittee on Health.,True,80,39,0,HCONRES,['healthcare'],[],0,1,0,0,1,110.0,House,H,2007-06-28,Referred to the Subcommittee on Health.
37,Expressing the sense of Congress with regard to pardoning Border Patrol agents Ignacio Ramos and Jose Compean.,HCONRES,2020-07-23,Referred to the House Committee on the Judiciary.,,,https://api.congress.gov/v3/bill/110/hconres/37?format=json,,,congress_bills,Expressing the sense of Congress with regard to pardoning Border Patrol agents Ignacio Ramos and Jose Compean. Referred to the House Committee on the Judiciary.,True,110,49,0,HCONRES,[],[],0,0,0,0,0,110.0,House,H,2007-01-18,Referred to the House Committee on the Judiciary.
72,"Condemning any action of the PRC that could unnecessarily escalate tensions between our two countries, including the actions taken on March 8, 2009, relating to the USNS Impeccable and the subsequent rejection of United States protests to the incident.",HCONRES,2024-02-07,Referred to the House Committee on Foreign Affairs.,,,https://api.congress.gov/v3/bill/111/hconres/72?format=json,,,congress_bills,"Condemning any action of the PRC that could unnecessarily escalate tensions between our two countries, including the actions taken on March 8, 2009, relating to the USNS Impeccable and the subsequent rejection of United States protests to the incident. Referred to the House Committee on Foreign Affairs.",True,252,51,0,HCONRES,[],[],0,0,0,0,0,111.0,House,H,2009-03-12,Referred to the House Committee on Foreign Affairs.
145,"Recognizing the 125th anniversary of the city of Billings, Montana.",HCONRES,2025-02-04,Referred to the House Committee on Oversight and Government Reform.,,,https://api.congress.gov/v3/bill/110/hconres/145?format=json,,,congress_bills,"Recognizing the 125th anniversary of the city of Billings, Montana. Referred to the House Committee on Oversight and Government Reform.",True,67,67,0,HCONRES,[],['MT'],0,0,0,1,1,110.0,House,H,2007-05-08,Referred to the House Committee on Oversight and Government Reform.
151,"Noting the disturbing pattern of killings of numerous independent journalists in Russia since 2000, and urging Russian President Vladimir Putin to authorize cooperation with outside investigators in solving those murders.",HCONRES,2025-04-07,Received in the Senate and referred to the Committee on Foreign Relations.,,,https://api.congress.gov/v3/bill/110/hconres/151?format=json,,,congress_bills,"Noting the disturbing pattern of killings of numerous independent journalists in Russia since 2000, and urging Russian President Vladimir Putin to authorize cooperation with outside investigators in solving those murders. Received in the Senate and referred to the Committee on Foreign Relations.",True,221,74,0,HCONRES,[],[],0,0,0,0,0,110.0,House,H,2007-06-19,Received in the Senate and referred to the Committee on Foreign Relations.
50,"Honoring and saluting Motown Records of Detroit, Michigan, on its 50th anniversary.",HCONRES,2025-12-05,Referred to the House Committee on Oversight and Government Reform.,,,https://api.congress.gov/v3/bill/111/hconres/50?format=json,,,congress_bills,"Honoring and saluting Motown Records of Detroit, Michigan, on its 50th anniversary. Referred to the House Committee on Oversight and Government Reform.",True,83,67,0,HCONRES,[],['MI'],0,0,0,1,1,111.0,House,H,2009-02-12,Referred to the House Committee on Oversight and Government Reform.
172,"Honoring the life of each of the 9 fallen City of Charleston firefighters who lost their lives in Charleston, South Carolina, on June 18, 2007.",HCONRES,2025-04-07,Indefinitely postponed by Senate by Unanimous Consent. (consideration: CR S13493),,,https://api.congress.gov/v3/bill/110/hconres/172?format=json,,,congress_bills,"Honoring the life of each of the 9 fallen City of Charleston firefighters who lost their lives in Charleston, South Carolina, on June 18, 2007. Indefinitely postponed by Senate by Unanimous Consent. (consideration: CR S13493)",True,143,81,0,HCONRES,[],['SC'],0,0,0,1,1,110.0,House,H,2007-10-26,Indefinitely postponed by Senate by Unanimous Consent. (consideration: CR S13493)
47,Supporting the goals and ideals of a National Medal of Honor Day to celebrate and honor the recipients of the Medal of Honor.,HCONRES,2025-06-06,Message on Senate action sent to the House.,,,https://api.congress.gov/v3/bill/110/hconres/47?format=json,,,congress_bills,Supporting the goals and ideals of a National Medal of Honor Day to celebrate and honor the recipients of the Medal of Honor. Message on Senate action sent to the House.,True,125,43,0,HCONRES,[],[],0,0,0,0,0,110.0,House,H,2007-03-02,Message on Senate action sent to the House.
190,"Authorizing printing of the brochure entitled ""How Our Laws Are Made"", the document-sized, annotated version of the United States Constitution, and the pocket version of the United States Constitution.",HCONRES,2025-04-07,Message on Senate action sent to the House.,,,https://api.congress.gov/v3/bill/110/hconres/190?format=json,,,congress_bills,"Authorizing printing of the brochure entitled ""How Our Laws Are Made"", the document-sized, annotated version of the United States Constitution, and the pocket version of the United States Constitution. Message on Senate action sent to the House.",True,201,43,0,HCONRES,[],[],0,0,0,0,0,110.0,House,H,2007-07-26,Message on Senate action sent to the House.
155,"Recognizing the historical significance of Juneteenth Independence Day, and expressing the sense of Congress that history should be regarded as a means for understanding the past and more effectively facing the challenges of the future.",HCONRES,2025-04-07,Indefinitely postponed by Senate by Unanimous Consent. (consideration: CR S156),,,https://api.congress.gov/v3/bill/110/hconres/155?format=json,,,congress_bills,"Recognizing the historical significance of Juneteenth Independence Day, and expressing the sense of Congress that history should be regarded as a means for understanding the past and more effectively facing the challenges of the future. Indefinitely postponed by Senate by Unanimous Consent. (consideration: CR S156)",True,236,79,0,HCONRES,[],[],0,0,0,0,0,110.0,House,H,2008-01-22,Indefinitely postponed by Senate by Unanimous Consent. (consideration: CR S156)
82,"Expressing the sense of the Congress that a commemorative postage stamp should be issued honoring James Chaney, Andrew Goodman, and Michael Schwerner.",HCONRES,2025-02-04,Referred to the House Committee on Oversight and Government Reform.,,,https://api.congress.gov/v3/bill/111/hconres/82?format=json,,,congress_bills,"Expressing the sense of the Congress that a commemorative postage stamp should be issued honoring James Chaney, Andrew Goodman, and Michael Schwerner. Referred to the House Committee on Oversight and Government Reform.",True,150,67,0,HCONRES,[],[],0,0,0,0,0,111.0,House,H,2009-03-25,Referred to the House Committee on Oversight and Government Reform.
161,Commemorating the 40th Anniversary of Dr. King's Launching of the Poor People's Campaign and Organization of the Poor People's Army.,HCONRES,2025-02-04,Referred to the House Committee on Oversight and Government Reform.,,,https://api.congress.gov/v3/bill/110/hconres/161?format=json,,,congress_bills,Commemorating the 40th Anniversary of Dr. King's Launching of the Poor People's Campaign and Organization of the Poor People's Army. Referred to the House Committee on Oversight and Government Reform.,True,132,67,0,HCONRES,[],[],0,0,0,0,0,110.0,House,H,2007-05-24,Referred to the House Committee on Oversight and Government Reform.
54,Expressing the support of Congress for the creation of a National Hurricane Museum and Science Center in Southwest Louisiana.,HCONRES,2025-04-07,Star Print ordered on the concurrent resolution.,,,https://api.congress.gov/v3/bill/110/hconres/54?format=json,,,congress_bills,Expressing the support of Congress for the creation of a National Hurricane Museum and Science Center in Southwest Louisiana. Star Print ordered on the concurrent resolution.,True,125,48,0,HCONRES,['housing'],['LA'],0,3,0,1,4,110.0,House,H,2007-07-17,Star Print ordered on the concurrent resolution.
182,"Recognizing the need to pursue research into the causes, a treatment, and an eventual cure for idiopathic pulmonary fibrosis, supporting the goals and ideals of National Idiopathic Pulmonary Fibrosis Awareness Week, and for other purposes.",HCONRES,2025-04-07,Message on Senate action sent to the House.,,,https://api.congress.gov/v3/bill/110/hconres/182?format=json,,,congress_bills,"Recognizing the need to pursue research into the causes, a treatment, and an eventual cure for idiopathic pulmonary fibrosis, supporting the goals and ideals of National Idiopathic Pulmonary Fibrosis Awareness Week, and for other purposes. Message on Senate action sent to the House.",True,239,43,0,HCONRES,[],[],0,0,0,0,0,110.0,House,H,2007-10-18,Message on Senate action sent to the House.
60,"Supporting the observance of Colorectal Cancer Awareness Month, and for other purposes.",HCONRES,2025-12-06,"Received in the Senate and referred to the Committee on Health, Education, Labor, and Pensions.",,,https://api.congress.gov/v3/bill/111/hconres/60?format=json,,,congress_bills,"Supporting the observance of Colorectal Cancer Awareness Month, and for other purposes. Received in the Senate and referred to the Committee on Health, Education, Labor, and Pensions.",True,87,95,0,HCONRES,"['healthcare', 'labor']",[],0,2,0,0,2,111.0,House,H,2009-03-31,"Received in the Senate and referred to the Committee on Health, Education, Labor, and Pensions."
57,"Recognizing the contributions of the New York Public Library's Schomburg Center for Research in Black Culture in educating the people of the United States about the African-American migration experience, and for other purposes.",HCONRES,2025-01-02,Referred to the House Committee on the Judiciary.,,,https://api.congress.gov/v3/bill/110/hconres/57?format=json,,,congress_bills,"Recognizing the contributions of the New York Public Library's Schomburg Center for Research in Black Culture in educating the people of the United States about the African-American migration experience, and for other purposes. Referred to the House Committee on the Judiciary.",True,227,49,0,HCONRES,[],['NY'],0,0,0,1,1,110.0,House,H,2007-02-06,Referred to the House Committee on the Judiciary.
64,Expressing the sense of Congress that no funds should be cut off or reduced for American troops in the field which would result in undermining their safety or their ability to complete their assigned missions.,HCONRES,2025-06-06,Referred to the House Committee on Armed Services.,,,https://api.congress.gov/v3/bill/110/hconres/64?format=json,,,congress_bills,Expressing the sense of Congress that no funds should be cut off or reduced for American troops in the field which would result in undermining their safety or their ability to complete their assigned missions. Referred to the House Committee on Armed Services.,True,209,50,0,HCONRES,[],[],0,0,0,0,0,110.0,House,H,2007-02-12,Referred to the House Committee on Armed Services.
200,A concurrent resolution expressing the sense of Congress regarding the immediate and unconditional release of Daw Aung San Suu Kyi and the severely deteriorating human rights situation in Burma.,HCONRES,2025-04-07,Received in the Senate and referred to the Committee on Foreign Relations.,,,https://api.congress.gov/v3/bill/110/hconres/200?format=json,,,congress_bills,A concurrent resolution expressing the sense of Congress regarding the immediate and unconditional release of Daw Aung San Suu Kyi and the severely deteriorating human rights situation in Burma. Received in the Senate and referred to the Committee on Foreign Relations.,True,194,74,0,HCONRES,['housing'],[],0,3,0,0,3,110.0,House,H,2007-10-03,Received in the Senate and referred to the Committee on Foreign Relations.
